<?xml version="1.0" encoding="UTF-8"?>
<!DOCTYPE plist PUBLIC "-//Apple//DTD PLIST 1.0//EN" "http://www.apple.com/DTDs/PropertyList-1.0.dtd"/>

<plist version="1.0">
    <dict>
        <key>ROOT</key>
        <array>
            <dict>
                <key>id</key>
                <string>3033</string>
                <key>className</key>
                <string>PTModelObjectAssetGatekeeper</string>
                <key>Name</key>
                <dict>
                    <key>value</key>
                    <string>Gatekeeper 2</string>
                </dict>
                <key>Position</key>
                <dict>
                    <key>value</key>
                    <string>{683.786,443.894}</string>
                    <key>animationsX</key>
                    <array/>
                    <key>animationsY</key>
                    <array/>
                </dict>
                <key>Rotation</key>
                <dict>
                    <key>animations</key>
                    <array/>
                </dict>
                <key>Scale</key>
                <dict>
                    <key>value</key>
                    <string>{1.000,1.000}</string>
                    <key>animationsX</key>
                    <array/>
                    <key>animationsY</key>
                    <array/>
                </dict>
                <key>Hidden</key>
                <dict>
                    <key>visible</key>
                    <string>0</string>
                </dict>
                <key>Locked</key>
                <dict>
                    <key>visible</key>
                    <string>0</string>
                </dict>
                <key>Opacity</key>
                <dict>
                    <key>visible</key>
                    <string>0</string>
                </dict>
                <key>Passed Amount</key>
                <dict>
                    <key>value</key>
                    <string>0.000000</string>
                </dict>
                <key>zDepth</key>
                <string>503</string>
            </dict>
            <dict>
                <key>id</key>
                <string>7073</string>
                <key>className</key>
                <string>PTModelObjectAssetGatekeeper</string>
                <key>Name</key>
                <dict>
                    <key>value</key>
                    <string>Gatekeeper</string>
                </dict>
                <key>Position</key>
                <dict>
                    <key>value</key>
                    <string>{988.885,343.445}</string>
                    <key>animationsX</key>
                    <array/>
                    <key>animationsY</key>
                    <array/>
                </dict>
                <key>Rotation</key>
                <dict>
                    <key>animations</key>
                    <array/>
                </dict>
                <key>Scale</key>
                <dict>
                    <key>value</key>
                    <string>{4.487,9.422}</string>
                    <key>animationsX</key>
                    <array/>
                    <key>animationsY</key>
                    <array/>
                </dict>
                <key>Hidden</key>
                <dict>
                    <key>visible</key>
                    <string>0</string>
                </dict>
                <key>Locked</key>
                <dict>
                    <key>visible</key>
                    <string>0</string>
                </dict>
                <key>Opacity</key>
                <dict>
                    <key>visible</key>
                    <string>0</string>
                    <key>animations</key>
                    <array/>
                </dict>
                <key>Passed Amount</key>
                <dict>
                    <key>animations</key>
                    <array/>
                </dict>
                <key>zDepth</key>
                <string>501</string>
            </dict>
        </array>
    </dict>
</plist>
