<?xml version="1.0" encoding="UTF-8"?>
<!DOCTYPE plist PUBLIC "-//Apple//DTD PLIST 1.0//EN" "http://www.apple.com/DTDs/PropertyList-1.0.dtd"/>

<plist version="1.0">
    <dict>
        <key>ROOT</key>
        <array>
            <dict>
                <key>id</key>
                <string>113</string>
                <key>children</key>
                <array>
                    <string>1577</string>
                </array>
            </dict>
            <dict>
                <key>id</key>
                <string>130</string>
                <key>children</key>
                <array>
                    <string>447</string>
                </array>
            </dict>
            <dict>
                <key>id</key>
                <string>154</string>
                <key>children</key>
                <array>
                    <string>1586</string>
                </array>
            </dict>
            <dict>
                <key>id</key>
                <string>345</string>
                <key>children</key>
                <array>
                    <string>346</string>
                </array>
            </dict>
            <dict>
                <key>id</key>
                <string>403</string>
                <key>children</key>
                <array/>
            </dict>
            <dict>
                <key>id</key>
                <string>812</string>
                <key>children</key>
                <array/>
            </dict>
            <dict>
                <key>id</key>
                <string>838</string>
                <key>children</key>
                <array/>
            </dict>
            <dict>
                <key>id</key>
                <string>849</string>
                <key>children</key>
                <array/>
            </dict>
            <dict>
                <key>id</key>
                <string>865</string>
                <key>children</key>
                <array/>
            </dict>
            <dict>
                <key>id</key>
                <string>979</string>
                <key>children</key>
                <array>
                    <string>984</string>
                </array>
            </dict>
            <dict>
                <key>id</key>
                <string>1167</string>
                <key>children</key>
                <array/>
            </dict>
            <dict>
                <key>id</key>
                <string>1174</string>
                <key>children</key>
                <array/>
            </dict>
            <dict>
                <key>id</key>
                <string>1862</string>
                <key>children</key>
                <array>
                    <string>1863</string>
                </array>
            </dict>
            <dict>
                <key>id</key>
                <string>1898</string>
                <key>children</key>
                <array>
                    <string>2037</string>
                </array>
            </dict>
            <dict>
                <key>id</key>
                <string>1928</string>
                <key>children</key>
                <array/>
            </dict>
            <dict>
                <key>id</key>
                <string>1998</string>
                <key>children</key>
                <array>
                    <string>2933</string>
                </array>
            </dict>
            <dict>
                <key>id</key>
                <string>2005</string>
                <key>children</key>
                <array>
                    <string>2006</string>
                </array>
            </dict>
            <dict>
                <key>id</key>
                <string>2043</string>
                <key>children</key>
                <array>
                    <string>2044</string>
                </array>
            </dict>
            <dict>
                <key>id</key>
                <string>2052</string>
                <key>children</key>
                <array>
                    <string>2053</string>
                </array>
            </dict>
            <dict>
                <key>id</key>
                <string>2080</string>
                <key>children</key>
                <array>
                    <string>2081</string>
                </array>
            </dict>
            <dict>
                <key>id</key>
                <string>2107</string>
                <key>children</key>
                <array>
                    <string>2108</string>
                </array>
            </dict>
            <dict>
                <key>id</key>
                <string>2114</string>
                <key>children</key>
                <array>
                    <string>2115</string>
                </array>
            </dict>
            <dict>
                <key>id</key>
                <string>2124</string>
                <key>children</key>
                <array>
                    <string>2125</string>
                </array>
            </dict>
            <dict>
                <key>id</key>
                <string>2134</string>
                <key>children</key>
                <array>
                    <string>2135</string>
                </array>
            </dict>
            <dict>
                <key>id</key>
                <string>2270</string>
                <key>children</key>
                <array>
                    <string>2271</string>
                </array>
            </dict>
            <dict>
                <key>id</key>
                <string>2596</string>
                <key>children</key>
                <array>
                    <string>2597</string>
                </array>
            </dict>
            <dict>
                <key>id</key>
                <string>2644</string>
                <key>children</key>
                <array>
                    <string>2645</string>
                </array>
            </dict>
            <dict>
                <key>id</key>
                <string>2665</string>
                <key>children</key>
                <array>
                    <string>2666</string>
                </array>
            </dict>
            <dict>
                <key>id</key>
                <string>2674</string>
                <key>children</key>
                <array>
                    <string>2675</string>
                </array>
            </dict>
            <dict>
                <key>id</key>
                <string>2684</string>
                <key>children</key>
                <array>
                    <string>2685</string>
                </array>
            </dict>
            <dict>
                <key>id</key>
                <string>2700</string>
                <key>children</key>
                <array>
                    <string>2701</string>
                </array>
            </dict>
            <dict>
                <key>id</key>
                <string>2710</string>
                <key>children</key>
                <array>
                    <string>2711</string>
                </array>
            </dict>
            <dict>
                <key>id</key>
                <string>2758</string>
                <key>children</key>
                <array>
                    <string>2759</string>
                </array>
            </dict>
            <dict>
                <key>id</key>
                <string>2767</string>
                <key>children</key>
                <array>
                    <string>2768</string>
                </array>
            </dict>
            <dict>
                <key>id</key>
                <string>2795</string>
                <key>children</key>
                <array>
                    <string>2796</string>
                </array>
            </dict>
            <dict>
                <key>id</key>
                <string>2825</string>
                <key>children</key>
                <array>
                    <string>2826</string>
                </array>
            </dict>
            <dict>
                <key>id</key>
                <string>2835</string>
                <key>children</key>
                <array>
                    <string>2836</string>
                </array>
            </dict>
            <dict>
                <key>id</key>
                <string>2915</string>
                <key>children</key>
                <array>
                    <string>2916</string>
                </array>
            </dict>
            <dict>
                <key>id</key>
                <string>2939</string>
                <key>children</key>
                <array>
                    <string>2940</string>
                </array>
            </dict>
            <dict>
                <key>id</key>
                <string>2949</string>
                <key>children</key>
                <array>
                    <string>2950</string>
                </array>
            </dict>
            <dict>
                <key>id</key>
                <string>3012</string>
                <key>children</key>
                <array>
                    <string>3013</string>
                </array>
            </dict>
            <dict>
                <key>id</key>
                <string>3021</string>
                <key>children</key>
                <array>
                    <string>3022</string>
                </array>
            </dict>
            <dict>
                <key>id</key>
                <string>3038</string>
                <key>children</key>
                <array>
                    <string>3039</string>
                </array>
            </dict>
            <dict>
                <key>id</key>
                <string>3047</string>
                <key>children</key>
                <array>
                    <string>3048</string>
                </array>
            </dict>
            <dict>
                <key>id</key>
                <string>3056</string>
                <key>children</key>
                <array>
                    <string>3057</string>
                </array>
            </dict>
            <dict>
                <key>id</key>
                <string>3065</string>
                <key>children</key>
                <array>
                    <string>3066</string>
                </array>
            </dict>
            <dict>
                <key>id</key>
                <string>3074</string>
                <key>children</key>
                <array>
                    <string>3075</string>
                </array>
            </dict>
            <dict>
                <key>id</key>
                <string>3083</string>
                <key>children</key>
                <array>
                    <string>3084</string>
                </array>
            </dict>
            <dict>
                <key>id</key>
                <string>3100</string>
                <key>children</key>
                <array>
                    <string>3101</string>
                </array>
            </dict>
            <dict>
                <key>id</key>
                <string>3109</string>
                <key>children</key>
                <array>
                    <string>3110</string>
                </array>
            </dict>
            <dict>
                <key>id</key>
                <string>3118</string>
                <key>children</key>
                <array>
                    <string>3119</string>
                </array>
            </dict>
            <dict>
                <key>id</key>
                <string>3127</string>
                <key>children</key>
                <array>
                    <string>3128</string>
                </array>
            </dict>
            <dict>
                <key>id</key>
                <string>3136</string>
                <key>children</key>
                <array>
                    <string>3137</string>
                </array>
            </dict>
            <dict>
                <key>id</key>
                <string>3146</string>
                <key>children</key>
                <array>
                    <string>3147</string>
                </array>
            </dict>
            <dict>
                <key>id</key>
                <string>3252</string>
                <key>children</key>
                <array>
                    <string>3253</string>
                </array>
            </dict>
            <dict>
                <key>id</key>
                <string>3261</string>
                <key>children</key>
                <array>
                    <string>3262</string>
                </array>
            </dict>
            <dict>
                <key>id</key>
                <string>3271</string>
                <key>children</key>
                <array>
                    <string>3272</string>
                </array>
            </dict>
            <dict>
                <key>id</key>
                <string>3295</string>
                <key>children</key>
                <array>
                    <string>3296</string>
                </array>
            </dict>
            <dict>
                <key>id</key>
                <string>3304</string>
                <key>children</key>
                <array>
                    <string>3305</string>
                </array>
            </dict>
            <dict>
                <key>id</key>
                <string>3313</string>
                <key>children</key>
                <array>
                    <string>3314</string>
                </array>
            </dict>
            <dict>
                <key>id</key>
                <string>3323</string>
                <key>children</key>
                <array>
                    <string>3324</string>
                </array>
            </dict>
            <dict>
                <key>id</key>
                <string>3332</string>
                <key>children</key>
                <array>
                    <string>3333</string>
                </array>
            </dict>
            <dict>
                <key>id</key>
                <string>3341</string>
                <key>children</key>
                <array>
                    <string>3342</string>
                </array>
            </dict>
            <dict>
                <key>id</key>
                <string>3350</string>
                <key>children</key>
                <array>
                    <string>3351</string>
                </array>
            </dict>
            <dict>
                <key>id</key>
                <string>3359</string>
                <key>children</key>
                <array>
                    <string>3360</string>
                </array>
            </dict>
            <dict>
                <key>id</key>
                <string>3368</string>
                <key>children</key>
                <array>
                    <string>3369</string>
                </array>
            </dict>
            <dict>
                <key>id</key>
                <string>3392</string>
                <key>children</key>
                <array>
                    <string>3393</string>
                </array>
            </dict>
            <dict>
                <key>id</key>
                <string>3401</string>
                <key>children</key>
                <array>
                    <string>3402</string>
                </array>
            </dict>
            <dict>
                <key>id</key>
                <string>3410</string>
                <key>children</key>
                <array>
                    <string>3411</string>
                </array>
            </dict>
            <dict>
                <key>id</key>
                <string>3473</string>
                <key>children</key>
                <array>
                    <string>3474</string>
                </array>
            </dict>
            <dict>
                <key>id</key>
                <string>3482</string>
                <key>children</key>
                <array>
                    <string>3483</string>
                </array>
            </dict>
            <dict>
                <key>id</key>
                <string>3491</string>
                <key>children</key>
                <array>
                    <string>3492</string>
                </array>
            </dict>
            <dict>
                <key>id</key>
                <string>3500</string>
                <key>children</key>
                <array>
                    <string>3501</string>
                </array>
            </dict>
            <dict>
                <key>id</key>
                <string>3518</string>
                <key>children</key>
                <array>
                    <string>3519</string>
                </array>
            </dict>
            <dict>
                <key>id</key>
                <string>3528</string>
                <key>children</key>
                <array>
                    <string>3529</string>
                </array>
            </dict>
            <dict>
                <key>id</key>
                <string>3539</string>
                <key>children</key>
                <array>
                    <string>3540</string>
                </array>
            </dict>
            <dict>
                <key>id</key>
                <string>3550</string>
                <key>children</key>
                <array>
                    <string>3551</string>
                </array>
            </dict>
            <dict>
                <key>id</key>
                <string>3561</string>
                <key>children</key>
                <array>
                    <string>3562</string>
                </array>
            </dict>
            <dict>
                <key>id</key>
                <string>3572</string>
                <key>children</key>
                <array>
                    <string>3573</string>
                </array>
            </dict>
            <dict>
                <key>id</key>
                <string>3583</string>
                <key>children</key>
                <array>
                    <string>3584</string>
                </array>
            </dict>
            <dict>
                <key>id</key>
                <string>3598</string>
                <key>children</key>
                <array>
                    <string>3599</string>
                </array>
            </dict>
            <dict>
                <key>id</key>
                <string>3608</string>
                <key>children</key>
                <array>
                    <string>3609</string>
                </array>
            </dict>
            <dict>
                <key>id</key>
                <string>3617</string>
                <key>children</key>
                <array>
                    <string>3618</string>
                </array>
            </dict>
            <dict>
                <key>id</key>
                <string>3626</string>
                <key>children</key>
                <array>
                    <string>3627</string>
                </array>
            </dict>
            <dict>
                <key>id</key>
                <string>3635</string>
                <key>children</key>
                <array>
                    <string>3636</string>
                </array>
            </dict>
            <dict>
                <key>id</key>
                <string>3644</string>
                <key>children</key>
                <array>
                    <string>3645</string>
                </array>
            </dict>
            <dict>
                <key>id</key>
                <string>3653</string>
                <key>children</key>
                <array>
                    <string>3654</string>
                </array>
            </dict>
            <dict>
                <key>id</key>
                <string>3662</string>
                <key>children</key>
                <array>
                    <string>3663</string>
                </array>
            </dict>
            <dict>
                <key>id</key>
                <string>3671</string>
                <key>children</key>
                <array>
                    <string>3672</string>
                </array>
            </dict>
            <dict>
                <key>id</key>
                <string>3686</string>
                <key>children</key>
                <array>
                    <string>3687</string>
                </array>
            </dict>
            <dict>
                <key>id</key>
                <string>3776</string>
                <key>children</key>
                <array>
                    <string>3777</string>
                </array>
            </dict>
            <dict>
                <key>id</key>
                <string>3785</string>
                <key>children</key>
                <array>
                    <string>3786</string>
                </array>
            </dict>
            <dict>
                <key>id</key>
                <string>3807</string>
                <key>children</key>
                <array>
                    <string>3808</string>
                </array>
            </dict>
            <dict>
                <key>id</key>
                <string>3816</string>
                <key>children</key>
                <array>
                    <string>3817</string>
                </array>
            </dict>
            <dict>
                <key>id</key>
                <string>3825</string>
                <key>children</key>
                <array>
                    <string>3826</string>
                </array>
            </dict>
            <dict>
                <key>id</key>
                <string>3834</string>
                <key>children</key>
                <array>
                    <string>3835</string>
                </array>
            </dict>
            <dict>
                <key>id</key>
                <string>3843</string>
                <key>children</key>
                <array>
                    <string>3844</string>
                </array>
            </dict>
            <dict>
                <key>id</key>
                <string>3852</string>
                <key>children</key>
                <array>
                    <string>3853</string>
                </array>
            </dict>
            <dict>
                <key>id</key>
                <string>3905</string>
                <key>children</key>
                <array>
                    <string>3906</string>
                </array>
            </dict>
            <dict>
                <key>id</key>
                <string>3914</string>
                <key>children</key>
                <array>
                    <string>3915</string>
                </array>
            </dict>
            <dict>
                <key>id</key>
                <string>3923</string>
                <key>children</key>
                <array>
                    <string>3924</string>
                </array>
            </dict>
            <dict>
                <key>id</key>
                <string>3932</string>
                <key>children</key>
                <array>
                    <string>3933</string>
                </array>
            </dict>
            <dict>
                <key>id</key>
                <string>3959</string>
                <key>children</key>
                <array>
                    <string>3960</string>
                </array>
            </dict>
            <dict>
                <key>id</key>
                <string>3976</string>
                <key>children</key>
                <array>
                    <string>3977</string>
                </array>
            </dict>
            <dict>
                <key>id</key>
                <string>3985</string>
                <key>children</key>
                <array>
                    <string>3986</string>
                </array>
            </dict>
            <dict>
                <key>id</key>
                <string>3994</string>
                <key>children</key>
                <array>
                    <string>3995</string>
                </array>
            </dict>
            <dict>
                <key>id</key>
                <string>4003</string>
                <key>children</key>
                <array>
                    <string>4004</string>
                </array>
            </dict>
            <dict>
                <key>id</key>
                <string>4012</string>
                <key>children</key>
                <array>
                    <string>4013</string>
                </array>
            </dict>
            <dict>
                <key>id</key>
                <string>4026</string>
                <key>children</key>
                <array>
                    <string>4027</string>
                </array>
            </dict>
            <dict>
                <key>id</key>
                <string>4039</string>
                <key>children</key>
                <array>
                    <string>4040</string>
                </array>
            </dict>
            <dict>
                <key>id</key>
                <string>4048</string>
                <key>children</key>
                <array>
                    <string>4049</string>
                </array>
            </dict>
            <dict>
                <key>id</key>
                <string>4057</string>
                <key>children</key>
                <array>
                    <string>4058</string>
                </array>
            </dict>
            <dict>
                <key>id</key>
                <string>4066</string>
                <key>children</key>
                <array>
                    <string>4067</string>
                </array>
            </dict>
            <dict>
                <key>id</key>
                <string>4075</string>
                <key>children</key>
                <array>
                    <string>4076</string>
                </array>
            </dict>
            <dict>
                <key>id</key>
                <string>4099</string>
                <key>children</key>
                <array>
                    <string>4100</string>
                </array>
            </dict>
            <dict>
                <key>id</key>
                <string>4108</string>
                <key>children</key>
                <array>
                    <string>4109</string>
                </array>
            </dict>
            <dict>
                <key>id</key>
                <string>4117</string>
                <key>children</key>
                <array>
                    <string>4118</string>
                </array>
            </dict>
            <dict>
                <key>id</key>
                <string>4126</string>
                <key>children</key>
                <array>
                    <string>4127</string>
                </array>
            </dict>
            <dict>
                <key>id</key>
                <string>4135</string>
                <key>children</key>
                <array>
                    <string>4136</string>
                </array>
            </dict>
            <dict>
                <key>id</key>
                <string>4144</string>
                <key>children</key>
                <array>
                    <string>4145</string>
                </array>
            </dict>
            <dict>
                <key>id</key>
                <string>4153</string>
                <key>children</key>
                <array>
                    <string>4154</string>
                </array>
            </dict>
            <dict>
                <key>id</key>
                <string>4162</string>
                <key>children</key>
                <array>
                    <string>4163</string>
                </array>
            </dict>
            <dict>
                <key>id</key>
                <string>4171</string>
                <key>children</key>
                <array>
                    <string>4172</string>
                </array>
            </dict>
            <dict>
                <key>id</key>
                <string>4180</string>
                <key>children</key>
                <array>
                    <string>4181</string>
                </array>
            </dict>
            <dict>
                <key>id</key>
                <string>4189</string>
                <key>children</key>
                <array>
                    <string>4190</string>
                </array>
            </dict>
            <dict>
                <key>id</key>
                <string>4198</string>
                <key>children</key>
                <array>
                    <string>4199</string>
                </array>
            </dict>
            <dict>
                <key>id</key>
                <string>4215</string>
                <key>children</key>
                <array>
                    <string>4216</string>
                </array>
            </dict>
            <dict>
                <key>id</key>
                <string>4224</string>
                <key>children</key>
                <array>
                    <string>4225</string>
                </array>
            </dict>
            <dict>
                <key>id</key>
                <string>4233</string>
                <key>children</key>
                <array>
                    <string>4234</string>
                </array>
            </dict>
            <dict>
                <key>id</key>
                <string>4242</string>
                <key>children</key>
                <array>
                    <string>4243</string>
                </array>
            </dict>
            <dict>
                <key>id</key>
                <string>4251</string>
                <key>children</key>
                <array>
                    <string>4252</string>
                </array>
            </dict>
            <dict>
                <key>id</key>
                <string>4260</string>
                <key>children</key>
                <array>
                    <string>4261</string>
                </array>
            </dict>
            <dict>
                <key>id</key>
                <string>4269</string>
                <key>children</key>
                <array>
                    <string>4270</string>
                </array>
            </dict>
            <dict>
                <key>id</key>
                <string>4278</string>
                <key>children</key>
                <array>
                    <string>4279</string>
                </array>
            </dict>
            <dict>
                <key>id</key>
                <string>4287</string>
                <key>children</key>
                <array>
                    <string>4288</string>
                </array>
            </dict>
            <dict>
                <key>id</key>
                <string>4296</string>
                <key>children</key>
                <array>
                    <string>4297</string>
                </array>
            </dict>
            <dict>
                <key>id</key>
                <string>4305</string>
                <key>children</key>
                <array>
                    <string>4306</string>
                </array>
            </dict>
            <dict>
                <key>id</key>
                <string>4314</string>
                <key>children</key>
                <array>
                    <string>4315</string>
                </array>
            </dict>
            <dict>
                <key>id</key>
                <string>4323</string>
                <key>children</key>
                <array>
                    <string>4324</string>
                </array>
            </dict>
            <dict>
                <key>id</key>
                <string>4332</string>
                <key>children</key>
                <array>
                    <string>4333</string>
                </array>
            </dict>
            <dict>
                <key>id</key>
                <string>4341</string>
                <key>children</key>
                <array>
                    <string>4342</string>
                </array>
            </dict>
            <dict>
                <key>id</key>
                <string>4350</string>
                <key>children</key>
                <array>
                    <string>4351</string>
                </array>
            </dict>
            <dict>
                <key>id</key>
                <string>4359</string>
                <key>children</key>
                <array>
                    <string>4360</string>
                </array>
            </dict>
            <dict>
                <key>id</key>
                <string>4368</string>
                <key>children</key>
                <array>
                    <string>4369</string>
                </array>
            </dict>
            <dict>
                <key>id</key>
                <string>4377</string>
                <key>children</key>
                <array>
                    <string>4378</string>
                </array>
            </dict>
            <dict>
                <key>id</key>
                <string>4386</string>
                <key>children</key>
                <array>
                    <string>4387</string>
                </array>
            </dict>
            <dict>
                <key>id</key>
                <string>4395</string>
                <key>children</key>
                <array>
                    <string>4396</string>
                </array>
            </dict>
            <dict>
                <key>id</key>
                <string>4404</string>
                <key>children</key>
                <array>
                    <string>4405</string>
                </array>
            </dict>
            <dict>
                <key>id</key>
                <string>4413</string>
                <key>children</key>
                <array>
                    <string>4414</string>
                </array>
            </dict>
            <dict>
                <key>id</key>
                <string>4423</string>
                <key>children</key>
                <array>
                    <string>4424</string>
                </array>
            </dict>
            <dict>
                <key>id</key>
                <string>4432</string>
                <key>children</key>
                <array>
                    <string>4433</string>
                </array>
            </dict>
            <dict>
                <key>id</key>
                <string>4441</string>
                <key>children</key>
                <array>
                    <string>4442</string>
                </array>
            </dict>
            <dict>
                <key>id</key>
                <string>4450</string>
                <key>children</key>
                <array>
                    <string>4451</string>
                </array>
            </dict>
            <dict>
                <key>id</key>
                <string>4459</string>
                <key>children</key>
                <array>
                    <string>4460</string>
                </array>
            </dict>
            <dict>
                <key>id</key>
                <string>4468</string>
                <key>children</key>
                <array>
                    <string>4469</string>
                </array>
            </dict>
            <dict>
                <key>id</key>
                <string>4477</string>
                <key>children</key>
                <array>
                    <string>4478</string>
                </array>
            </dict>
            <dict>
                <key>id</key>
                <string>4486</string>
                <key>children</key>
                <array>
                    <string>4487</string>
                </array>
            </dict>
            <dict>
                <key>id</key>
                <string>4495</string>
                <key>children</key>
                <array>
                    <string>4496</string>
                </array>
            </dict>
            <dict>
                <key>id</key>
                <string>4504</string>
                <key>children</key>
                <array>
                    <string>4505</string>
                </array>
            </dict>
            <dict>
                <key>id</key>
                <string>4513</string>
                <key>children</key>
                <array>
                    <string>4514</string>
                </array>
            </dict>
            <dict>
                <key>id</key>
                <string>4522</string>
                <key>children</key>
                <array>
                    <string>4523</string>
                </array>
            </dict>
            <dict>
                <key>id</key>
                <string>4531</string>
                <key>children</key>
                <array>
                    <string>4532</string>
                </array>
            </dict>
            <dict>
                <key>id</key>
                <string>4540</string>
                <key>children</key>
                <array>
                    <string>4541</string>
                </array>
            </dict>
            <dict>
                <key>id</key>
                <string>4549</string>
                <key>children</key>
                <array>
                    <string>4550</string>
                </array>
            </dict>
            <dict>
                <key>id</key>
                <string>4558</string>
                <key>children</key>
                <array>
                    <string>4559</string>
                </array>
            </dict>
            <dict>
                <key>id</key>
                <string>4567</string>
                <key>children</key>
                <array>
                    <string>4568</string>
                </array>
            </dict>
            <dict>
                <key>id</key>
                <string>4576</string>
                <key>children</key>
                <array>
                    <string>4577</string>
                </array>
            </dict>
            <dict>
                <key>id</key>
                <string>4585</string>
                <key>children</key>
                <array>
                    <string>4586</string>
                </array>
            </dict>
            <dict>
                <key>id</key>
                <string>4596</string>
                <key>children</key>
                <array>
                    <string>4597</string>
                </array>
            </dict>
            <dict>
                <key>id</key>
                <string>4606</string>
                <key>children</key>
                <array>
                    <string>4607</string>
                </array>
            </dict>
            <dict>
                <key>id</key>
                <string>4616</string>
                <key>children</key>
                <array>
                    <string>4617</string>
                </array>
            </dict>
            <dict>
                <key>id</key>
                <string>4626</string>
                <key>children</key>
                <array>
                    <string>4627</string>
                </array>
            </dict>
            <dict>
                <key>id</key>
                <string>4636</string>
                <key>children</key>
                <array>
                    <string>4637</string>
                </array>
            </dict>
            <dict>
                <key>id</key>
                <string>4646</string>
                <key>children</key>
                <array>
                    <string>4647</string>
                </array>
            </dict>
            <dict>
                <key>id</key>
                <string>4656</string>
                <key>children</key>
                <array>
                    <string>4657</string>
                </array>
            </dict>
            <dict>
                <key>id</key>
                <string>4666</string>
                <key>children</key>
                <array>
                    <string>4667</string>
                </array>
            </dict>
            <dict>
                <key>id</key>
                <string>4676</string>
                <key>children</key>
                <array>
                    <string>4677</string>
                </array>
            </dict>
            <dict>
                <key>id</key>
                <string>4686</string>
                <key>children</key>
                <array>
                    <string>4687</string>
                </array>
            </dict>
            <dict>
                <key>id</key>
                <string>4696</string>
                <key>children</key>
                <array>
                    <string>4697</string>
                </array>
            </dict>
            <dict>
                <key>id</key>
                <string>4706</string>
                <key>children</key>
                <array>
                    <string>4707</string>
                </array>
            </dict>
            <dict>
                <key>id</key>
                <string>4716</string>
                <key>children</key>
                <array>
                    <string>4717</string>
                </array>
            </dict>
            <dict>
                <key>id</key>
                <string>4726</string>
                <key>children</key>
                <array>
                    <string>4727</string>
                </array>
            </dict>
            <dict>
                <key>id</key>
                <string>4736</string>
                <key>children</key>
                <array>
                    <string>4737</string>
                </array>
            </dict>
            <dict>
                <key>id</key>
                <string>4746</string>
                <key>children</key>
                <array>
                    <string>4747</string>
                </array>
            </dict>
            <dict>
                <key>id</key>
                <string>4756</string>
                <key>children</key>
                <array>
                    <string>4757</string>
                </array>
            </dict>
            <dict>
                <key>id</key>
                <string>4766</string>
                <key>children</key>
                <array>
                    <string>4767</string>
                </array>
            </dict>
            <dict>
                <key>id</key>
                <string>4776</string>
                <key>children</key>
                <array>
                    <string>4777</string>
                </array>
            </dict>
            <dict>
                <key>id</key>
                <string>4786</string>
                <key>children</key>
                <array>
                    <string>4787</string>
                </array>
            </dict>
            <dict>
                <key>id</key>
                <string>4796</string>
                <key>children</key>
                <array>
                    <string>4797</string>
                </array>
            </dict>
            <dict>
                <key>id</key>
                <string>4806</string>
                <key>children</key>
                <array>
                    <string>4807</string>
                </array>
            </dict>
            <dict>
                <key>id</key>
                <string>4816</string>
                <key>children</key>
                <array>
                    <string>4817</string>
                </array>
            </dict>
            <dict>
                <key>id</key>
                <string>4826</string>
                <key>children</key>
                <array>
                    <string>4827</string>
                </array>
            </dict>
            <dict>
                <key>id</key>
                <string>4836</string>
                <key>children</key>
                <array>
                    <string>4837</string>
                </array>
            </dict>
            <dict>
                <key>id</key>
                <string>4846</string>
                <key>children</key>
                <array>
                    <string>4847</string>
                </array>
            </dict>
            <dict>
                <key>id</key>
                <string>4856</string>
                <key>children</key>
                <array>
                    <string>4857</string>
                </array>
            </dict>
            <dict>
                <key>id</key>
                <string>4866</string>
                <key>children</key>
                <array>
                    <string>4867</string>
                </array>
            </dict>
            <dict>
                <key>id</key>
                <string>4876</string>
                <key>children</key>
                <array>
                    <string>4877</string>
                </array>
            </dict>
            <dict>
                <key>id</key>
                <string>4932</string>
                <key>children</key>
                <array>
                    <string>4933</string>
                </array>
            </dict>
            <dict>
                <key>id</key>
                <string>4942</string>
                <key>children</key>
                <array>
                    <string>4943</string>
                </array>
            </dict>
            <dict>
                <key>id</key>
                <string>4952</string>
                <key>children</key>
                <array>
                    <string>4953</string>
                </array>
            </dict>
            <dict>
                <key>id</key>
                <string>4962</string>
                <key>children</key>
                <array>
                    <string>4963</string>
                </array>
            </dict>
            <dict>
                <key>id</key>
                <string>4973</string>
                <key>children</key>
                <array>
                    <string>4974</string>
                </array>
            </dict>
            <dict>
                <key>id</key>
                <string>4983</string>
                <key>children</key>
                <array>
                    <string>4984</string>
                </array>
            </dict>
            <dict>
                <key>id</key>
                <string>4993</string>
                <key>children</key>
                <array>
                    <string>4994</string>
                </array>
            </dict>
            <dict>
                <key>id</key>
                <string>5003</string>
                <key>children</key>
                <array>
                    <string>5004</string>
                </array>
            </dict>
            <dict>
                <key>id</key>
                <string>5039</string>
                <key>children</key>
                <array>
                    <string>5040</string>
                </array>
            </dict>
            <dict>
                <key>id</key>
                <string>5060</string>
                <key>children</key>
                <array>
                    <string>5061</string>
                </array>
            </dict>
            <dict>
                <key>id</key>
                <string>5097</string>
                <key>children</key>
                <array>
                    <string>5098</string>
                </array>
            </dict>
            <dict>
                <key>id</key>
                <string>5492</string>
                <key>children</key>
                <array>
                    <string>5493</string>
                </array>
            </dict>
            <dict>
                <key>id</key>
                <string>5503</string>
                <key>children</key>
                <array>
                    <string>5504</string>
                </array>
            </dict>
            <dict>
                <key>id</key>
                <string>5525</string>
                <key>children</key>
                <array>
                    <string>5526</string>
                </array>
            </dict>
            <dict>
                <key>id</key>
                <string>5646</string>
                <key>children</key>
                <array>
                    <string>5647</string>
                </array>
            </dict>
            <dict>
                <key>id</key>
                <string>5656</string>
                <key>children</key>
                <array>
                    <string>5657</string>
                </array>
            </dict>
            <dict>
                <key>id</key>
                <string>5666</string>
                <key>children</key>
                <array>
                    <string>5667</string>
                </array>
            </dict>
            <dict>
                <key>id</key>
                <string>5676</string>
                <key>children</key>
                <array>
                    <string>5677</string>
                </array>
            </dict>
            <dict>
                <key>id</key>
                <string>5686</string>
                <key>children</key>
                <array>
                    <string>5687</string>
                </array>
            </dict>
            <dict>
                <key>id</key>
                <string>5696</string>
                <key>children</key>
                <array>
                    <string>5697</string>
                </array>
            </dict>
            <dict>
                <key>id</key>
                <string>5753</string>
                <key>children</key>
                <array>
                    <string>5754</string>
                </array>
            </dict>
            <dict>
                <key>id</key>
                <string>5763</string>
                <key>children</key>
                <array>
                    <string>5764</string>
                </array>
            </dict>
            <dict>
                <key>id</key>
                <string>5773</string>
                <key>children</key>
                <array>
                    <string>5774</string>
                </array>
            </dict>
            <dict>
                <key>id</key>
                <string>5787</string>
                <key>children</key>
                <array>
                    <string>5788</string>
                </array>
            </dict>
            <dict>
                <key>id</key>
                <string>5797</string>
                <key>children</key>
                <array>
                    <string>5798</string>
                </array>
            </dict>
            <dict>
                <key>id</key>
                <string>5807</string>
                <key>children</key>
                <array>
                    <string>5808</string>
                </array>
            </dict>
            <dict>
                <key>id</key>
                <string>5817</string>
                <key>children</key>
                <array>
                    <string>5818</string>
                </array>
            </dict>
            <dict>
                <key>id</key>
                <string>5833</string>
                <key>children</key>
                <array>
                    <string>5834</string>
                </array>
            </dict>
            <dict>
                <key>id</key>
                <string>5851</string>
                <key>children</key>
                <array>
                    <string>5852</string>
                </array>
            </dict>
            <dict>
                <key>id</key>
                <string>5861</string>
                <key>children</key>
                <array>
                    <string>5862</string>
                </array>
            </dict>
            <dict>
                <key>id</key>
                <string>5871</string>
                <key>children</key>
                <array>
                    <string>5872</string>
                </array>
            </dict>
            <dict>
                <key>id</key>
                <string>5881</string>
                <key>children</key>
                <array>
                    <string>5882</string>
                </array>
            </dict>
            <dict>
                <key>id</key>
                <string>5891</string>
                <key>children</key>
                <array>
                    <string>5892</string>
                </array>
            </dict>
            <dict>
                <key>id</key>
                <string>5901</string>
                <key>children</key>
                <array>
                    <string>5902</string>
                </array>
            </dict>
            <dict>
                <key>id</key>
                <string>5911</string>
                <key>children</key>
                <array>
                    <string>5912</string>
                </array>
            </dict>
            <dict>
                <key>id</key>
                <string>5921</string>
                <key>children</key>
                <array>
                    <string>5922</string>
                </array>
            </dict>
            <dict>
                <key>id</key>
                <string>5933</string>
                <key>children</key>
                <array>
                    <string>5934</string>
                </array>
            </dict>
            <dict>
                <key>id</key>
                <string>5943</string>
                <key>children</key>
                <array>
                    <string>5944</string>
                </array>
            </dict>
            <dict>
                <key>id</key>
                <string>5959</string>
                <key>children</key>
                <array>
                    <string>5960</string>
                </array>
            </dict>
            <dict>
                <key>id</key>
                <string>5969</string>
                <key>children</key>
                <array>
                    <string>5970</string>
                </array>
            </dict>
            <dict>
                <key>id</key>
                <string>5979</string>
                <key>children</key>
                <array>
                    <string>5980</string>
                </array>
            </dict>
            <dict>
                <key>id</key>
                <string>5989</string>
                <key>children</key>
                <array>
                    <string>5990</string>
                </array>
            </dict>
            <dict>
                <key>id</key>
                <string>5999</string>
                <key>children</key>
                <array>
                    <string>6000</string>
                </array>
            </dict>
            <dict>
                <key>id</key>
                <string>6009</string>
                <key>children</key>
                <array>
                    <string>6010</string>
                </array>
            </dict>
            <dict>
                <key>id</key>
                <string>6019</string>
                <key>children</key>
                <array>
                    <string>6020</string>
                </array>
            </dict>
            <dict>
                <key>id</key>
                <string>6029</string>
                <key>children</key>
                <array>
                    <string>6030</string>
                </array>
            </dict>
            <dict>
                <key>id</key>
                <string>6039</string>
                <key>children</key>
                <array>
                    <string>6040</string>
                </array>
            </dict>
            <dict>
                <key>id</key>
                <string>6049</string>
                <key>children</key>
                <array>
                    <string>6050</string>
                </array>
            </dict>
            <dict>
                <key>id</key>
                <string>6059</string>
                <key>children</key>
                <array>
                    <string>6060</string>
                </array>
            </dict>
            <dict>
                <key>id</key>
                <string>6069</string>
                <key>children</key>
                <array>
                    <string>6070</string>
                </array>
            </dict>
            <dict>
                <key>id</key>
                <string>6079</string>
                <key>children</key>
                <array>
                    <string>6080</string>
                </array>
            </dict>
            <dict>
                <key>id</key>
                <string>6089</string>
                <key>children</key>
                <array>
                    <string>6090</string>
                </array>
            </dict>
            <dict>
                <key>id</key>
                <string>6099</string>
                <key>children</key>
                <array>
                    <string>6100</string>
                </array>
            </dict>
            <dict>
                <key>id</key>
                <string>6109</string>
                <key>children</key>
                <array>
                    <string>6110</string>
                </array>
            </dict>
            <dict>
                <key>id</key>
                <string>6119</string>
                <key>children</key>
                <array>
                    <string>6120</string>
                </array>
            </dict>
            <dict>
                <key>id</key>
                <string>6129</string>
                <key>children</key>
                <array>
                    <string>6130</string>
                </array>
            </dict>
            <dict>
                <key>id</key>
                <string>6139</string>
                <key>children</key>
                <array>
                    <string>6140</string>
                </array>
            </dict>
            <dict>
                <key>id</key>
                <string>6157</string>
                <key>children</key>
                <array>
                    <string>6158</string>
                </array>
            </dict>
            <dict>
                <key>id</key>
                <string>6167</string>
                <key>children</key>
                <array>
                    <string>6168</string>
                </array>
            </dict>
            <dict>
                <key>id</key>
                <string>6177</string>
                <key>children</key>
                <array>
                    <string>6178</string>
                </array>
            </dict>
            <dict>
                <key>id</key>
                <string>6187</string>
                <key>children</key>
                <array>
                    <string>6188</string>
                </array>
            </dict>
            <dict>
                <key>id</key>
                <string>6197</string>
                <key>children</key>
                <array>
                    <string>6198</string>
                </array>
            </dict>
            <dict>
                <key>id</key>
                <string>6207</string>
                <key>children</key>
                <array>
                    <string>6208</string>
                </array>
            </dict>
            <dict>
                <key>id</key>
                <string>6217</string>
                <key>children</key>
                <array>
                    <string>6218</string>
                </array>
            </dict>
            <dict>
                <key>id</key>
                <string>6227</string>
                <key>children</key>
                <array>
                    <string>6228</string>
                </array>
            </dict>
            <dict>
                <key>id</key>
                <string>6237</string>
                <key>children</key>
                <array>
                    <string>6238</string>
                </array>
            </dict>
            <dict>
                <key>id</key>
                <string>6247</string>
                <key>children</key>
                <array>
                    <string>6248</string>
                </array>
            </dict>
            <dict>
                <key>id</key>
                <string>6257</string>
                <key>children</key>
                <array>
                    <string>6258</string>
                </array>
            </dict>
            <dict>
                <key>id</key>
                <string>6269</string>
                <key>children</key>
                <array>
                    <string>6270</string>
                </array>
            </dict>
            <dict>
                <key>id</key>
                <string>6279</string>
                <key>children</key>
                <array>
                    <string>6280</string>
                </array>
            </dict>
            <dict>
                <key>id</key>
                <string>6289</string>
                <key>children</key>
                <array>
                    <string>6290</string>
                </array>
            </dict>
            <dict>
                <key>id</key>
                <string>6299</string>
                <key>children</key>
                <array>
                    <string>6300</string>
                </array>
            </dict>
            <dict>
                <key>id</key>
                <string>6358</string>
                <key>children</key>
                <array>
                    <string>6359</string>
                </array>
            </dict>
            <dict>
                <key>id</key>
                <string>6368</string>
                <key>children</key>
                <array>
                    <string>6369</string>
                </array>
            </dict>
            <dict>
                <key>id</key>
                <string>6378</string>
                <key>children</key>
                <array>
                    <string>6379</string>
                </array>
            </dict>
            <dict>
                <key>id</key>
                <string>6388</string>
                <key>children</key>
                <array>
                    <string>6389</string>
                </array>
            </dict>
            <dict>
                <key>id</key>
                <string>6398</string>
                <key>children</key>
                <array>
                    <string>6399</string>
                </array>
            </dict>
            <dict>
                <key>id</key>
                <string>6408</string>
                <key>children</key>
                <array>
                    <string>6409</string>
                </array>
            </dict>
            <dict>
                <key>id</key>
                <string>6418</string>
                <key>children</key>
                <array>
                    <string>6419</string>
                </array>
            </dict>
            <dict>
                <key>id</key>
                <string>6428</string>
                <key>children</key>
                <array>
                    <string>6429</string>
                </array>
            </dict>
            <dict>
                <key>id</key>
                <string>6438</string>
                <key>children</key>
                <array>
                    <string>6439</string>
                </array>
            </dict>
            <dict>
                <key>id</key>
                <string>6448</string>
                <key>children</key>
                <array>
                    <string>6449</string>
                </array>
            </dict>
            <dict>
                <key>id</key>
                <string>6458</string>
                <key>children</key>
                <array>
                    <string>6459</string>
                </array>
            </dict>
            <dict>
                <key>id</key>
                <string>6468</string>
                <key>children</key>
                <array>
                    <string>6469</string>
                </array>
            </dict>
            <dict>
                <key>id</key>
                <string>6478</string>
                <key>children</key>
                <array>
                    <string>6479</string>
                </array>
            </dict>
            <dict>
                <key>id</key>
                <string>6488</string>
                <key>children</key>
                <array>
                    <string>6489</string>
                </array>
            </dict>
            <dict>
                <key>id</key>
                <string>6498</string>
                <key>children</key>
                <array>
                    <string>6499</string>
                </array>
            </dict>
            <dict>
                <key>id</key>
                <string>6508</string>
                <key>children</key>
                <array>
                    <string>6509</string>
                </array>
            </dict>
            <dict>
                <key>id</key>
                <string>6518</string>
                <key>children</key>
                <array>
                    <string>6519</string>
                </array>
            </dict>
            <dict>
                <key>id</key>
                <string>6528</string>
                <key>children</key>
                <array>
                    <string>6529</string>
                </array>
            </dict>
            <dict>
                <key>id</key>
                <string>6538</string>
                <key>children</key>
                <array>
                    <string>6539</string>
                </array>
            </dict>
            <dict>
                <key>id</key>
                <string>6548</string>
                <key>children</key>
                <array>
                    <string>6549</string>
                </array>
            </dict>
            <dict>
                <key>id</key>
                <string>6558</string>
                <key>children</key>
                <array>
                    <string>6559</string>
                </array>
            </dict>
            <dict>
                <key>id</key>
                <string>6568</string>
                <key>children</key>
                <array>
                    <string>6569</string>
                </array>
            </dict>
            <dict>
                <key>id</key>
                <string>6578</string>
                <key>children</key>
                <array>
                    <string>6579</string>
                </array>
            </dict>
            <dict>
                <key>id</key>
                <string>6588</string>
                <key>children</key>
                <array>
                    <string>6589</string>
                </array>
            </dict>
            <dict>
                <key>id</key>
                <string>6598</string>
                <key>children</key>
                <array>
                    <string>6599</string>
                </array>
            </dict>
            <dict>
                <key>id</key>
                <string>6608</string>
                <key>children</key>
                <array>
                    <string>6609</string>
                </array>
            </dict>
            <dict>
                <key>id</key>
                <string>6782</string>
                <key>children</key>
                <array>
                    <string>6783</string>
                </array>
            </dict>
            <dict>
                <key>id</key>
                <string>6820</string>
                <key>children</key>
                <array>
                    <string>6821</string>
                </array>
            </dict>
            <dict>
                <key>id</key>
                <string>6966</string>
                <key>children</key>
                <array>
                    <string>6967</string>
                </array>
            </dict>
            <dict>
                <key>id</key>
                <string>6976</string>
                <key>children</key>
                <array>
                    <string>6977</string>
                </array>
            </dict>
            <dict>
                <key>id</key>
                <string>6986</string>
                <key>children</key>
                <array>
                    <string>6987</string>
                </array>
            </dict>
            <dict>
                <key>id</key>
                <string>6999</string>
                <key>children</key>
                <array>
                    <string>7000</string>
                </array>
            </dict>
            <dict>
                <key>id</key>
                <string>7078</string>
                <key>children</key>
                <array>
                    <string>7079</string>
                </array>
            </dict>
            <dict>
                <key>id</key>
                <string>7088</string>
                <key>children</key>
                <array>
                    <string>7089</string>
                </array>
            </dict>
        </array>
    </dict>
</plist>
