<?xml version="1.0" encoding="UTF-8"?>
<!DOCTYPE plist PUBLIC "-//Apple//DTD PLIST 1.0//EN" "http://www.apple.com/DTDs/PropertyList-1.0.dtd"/>

<plist version="1.0">
    <dict>
        <key>ROOT</key>
        <array>
            <dict>
                <key>id</key>
                <string>1472</string>
                <key>className</key>
                <string>PTModelComponentHealth</string>
                <key>Name</key>
                <dict>
                    <key>visible</key>
                    <string>0</string>
                    <key>value</key>
                    <string>Health</string>
                </dict>
                <key>Health</key>
                <dict>
                    <key>value</key>
                    <string>2.000000</string>
                </dict>
                <key>Lives</key>
                <dict>
                    <key>visible</key>
                    <string>0</string>
                </dict>
            </dict>
            <dict>
                <key>id</key>
                <string>4591</string>
                <key>className</key>
                <string>PTModelComponentHealth</string>
                <key>Name</key>
                <dict>
                    <key>visible</key>
                    <string>0</string>
                    <key>value</key>
                    <string>Health</string>
                </dict>
                <key>Death Delay</key>
                <dict>
                    <key>value</key>
                    <string>2.000000</string>
                </dict>
                <key>Health</key>
                <dict>
                    <key>value</key>
                    <string>5.000000</string>
                </dict>
                <key>Lives</key>
                <dict>
                    <key>value</key>
                    <string>3.000000</string>
                </dict>
            </dict>
        </array>
    </dict>
</plist>
