<?xml version="1.0" encoding="UTF-8"?>
<!DOCTYPE plist PUBLIC "-//Apple//DTD PLIST 1.0//EN" "http://www.apple.com/DTDs/PropertyList-1.0.dtd"/>

<plist version="1.0">
    <dict>
        <key>ROOT</key>
        <array>
            <dict>
                <key>id</key>
                <string>221</string>
            </dict>
            <dict>
                <key>id</key>
                <string>233</string>
            </dict>
            <dict>
                <key>id</key>
                <string>236</string>
            </dict>
            <dict>
                <key>id</key>
                <string>239</string>
            </dict>
            <dict>
                <key>id</key>
                <string>247</string>
            </dict>
            <dict>
                <key>id</key>
                <string>250</string>
            </dict>
            <dict>
                <key>id</key>
                <string>253</string>
            </dict>
            <dict>
                <key>id</key>
                <string>283</string>
            </dict>
            <dict>
                <key>id</key>
                <string>306</string>
            </dict>
            <dict>
                <key>id</key>
                <string>307</string>
            </dict>
            <dict>
                <key>id</key>
                <string>311</string>
            </dict>
            <dict>
                <key>id</key>
                <string>328</string>
            </dict>
            <dict>
                <key>id</key>
                <string>331</string>
            </dict>
            <dict>
                <key>id</key>
                <string>334</string>
            </dict>
            <dict>
                <key>id</key>
                <string>337</string>
            </dict>
            <dict>
                <key>id</key>
                <string>458</string>
            </dict>
            <dict>
                <key>id</key>
                <string>586</string>
            </dict>
            <dict>
                <key>id</key>
                <string>589</string>
            </dict>
            <dict>
                <key>id</key>
                <string>592</string>
            </dict>
            <dict>
                <key>id</key>
                <string>603</string>
            </dict>
            <dict>
                <key>id</key>
                <string>947</string>
            </dict>
            <dict>
                <key>id</key>
                <string>950</string>
            </dict>
            <dict>
                <key>id</key>
                <string>953</string>
            </dict>
            <dict>
                <key>id</key>
                <string>956</string>
            </dict>
            <dict>
                <key>id</key>
                <string>990</string>
                <key>Texture</key>
                <dict>
                    <key>value</key>
                    <string>991</string>
                </dict>
            </dict>
            <dict>
                <key>id</key>
                <string>1041</string>
                <key>Texture</key>
                <dict>
                    <key>value</key>
                    <string>1042</string>
                </dict>
            </dict>
            <dict>
                <key>id</key>
                <string>1046</string>
                <key>Texture</key>
                <dict>
                    <key>value</key>
                    <string>1042</string>
                </dict>
            </dict>
            <dict>
                <key>id</key>
                <string>1049</string>
                <key>Texture</key>
                <dict>
                    <key>value</key>
                    <string>1050</string>
                </dict>
            </dict>
            <dict>
                <key>id</key>
                <string>1185</string>
                <key>Texture</key>
                <dict>
                    <key>value</key>
                    <string>1186</string>
                </dict>
            </dict>
            <dict>
                <key>id</key>
                <string>1253</string>
            </dict>
            <dict>
                <key>id</key>
                <string>1319</string>
            </dict>
            <dict>
                <key>id</key>
                <string>1320</string>
            </dict>
            <dict>
                <key>id</key>
                <string>1399</string>
            </dict>
            <dict>
                <key>id</key>
                <string>1405</string>
            </dict>
            <dict>
                <key>id</key>
                <string>2295</string>
                <key>Texture</key>
                <dict>
                    <key>value</key>
                    <string>1050</string>
                </dict>
            </dict>
            <dict>
                <key>id</key>
                <string>2324</string>
                <key>Texture</key>
                <dict>
                    <key>value</key>
                    <string>1050</string>
                </dict>
            </dict>
            <dict>
                <key>id</key>
                <string>2330</string>
                <key>Texture</key>
                <dict>
                    <key>value</key>
                    <string>1050</string>
                </dict>
            </dict>
            <dict>
                <key>id</key>
                <string>2336</string>
                <key>Texture</key>
                <dict>
                    <key>value</key>
                    <string>1050</string>
                </dict>
            </dict>
            <dict>
                <key>id</key>
                <string>2342</string>
                <key>Texture</key>
                <dict>
                    <key>value</key>
                    <string>1050</string>
                </dict>
            </dict>
            <dict>
                <key>id</key>
                <string>2348</string>
                <key>Texture</key>
                <dict>
                    <key>value</key>
                    <string>1050</string>
                </dict>
            </dict>
            <dict>
                <key>id</key>
                <string>2354</string>
                <key>Texture</key>
                <dict>
                    <key>value</key>
                    <string>1050</string>
                </dict>
            </dict>
            <dict>
                <key>id</key>
                <string>2360</string>
                <key>Texture</key>
                <dict>
                    <key>value</key>
                    <string>1050</string>
                </dict>
            </dict>
            <dict>
                <key>id</key>
                <string>2366</string>
                <key>Texture</key>
                <dict>
                    <key>value</key>
                    <string>1050</string>
                </dict>
            </dict>
            <dict>
                <key>id</key>
                <string>2372</string>
                <key>Texture</key>
                <dict>
                    <key>value</key>
                    <string>1050</string>
                </dict>
            </dict>
            <dict>
                <key>id</key>
                <string>2378</string>
                <key>Texture</key>
                <dict>
                    <key>value</key>
                    <string>1050</string>
                </dict>
            </dict>
            <dict>
                <key>id</key>
                <string>2384</string>
                <key>Texture</key>
                <dict>
                    <key>value</key>
                    <string>1050</string>
                </dict>
            </dict>
            <dict>
                <key>id</key>
                <string>2390</string>
                <key>Texture</key>
                <dict>
                    <key>value</key>
                    <string>1050</string>
                </dict>
            </dict>
            <dict>
                <key>id</key>
                <string>2396</string>
                <key>Texture</key>
                <dict>
                    <key>value</key>
                    <string>1050</string>
                </dict>
            </dict>
            <dict>
                <key>id</key>
                <string>2402</string>
                <key>Texture</key>
                <dict>
                    <key>value</key>
                    <string>1050</string>
                </dict>
            </dict>
            <dict>
                <key>id</key>
                <string>2408</string>
                <key>Texture</key>
                <dict>
                    <key>value</key>
                    <string>1050</string>
                </dict>
            </dict>
            <dict>
                <key>id</key>
                <string>2414</string>
                <key>Texture</key>
                <dict>
                    <key>value</key>
                    <string>1050</string>
                </dict>
            </dict>
            <dict>
                <key>id</key>
                <string>2420</string>
                <key>Texture</key>
                <dict>
                    <key>value</key>
                    <string>1050</string>
                </dict>
            </dict>
            <dict>
                <key>id</key>
                <string>2431</string>
                <key>Texture</key>
                <dict>
                    <key>value</key>
                    <string>1050</string>
                </dict>
            </dict>
            <dict>
                <key>id</key>
                <string>2445</string>
                <key>Texture</key>
                <dict>
                    <key>value</key>
                    <string>1050</string>
                </dict>
            </dict>
            <dict>
                <key>id</key>
                <string>2451</string>
                <key>Texture</key>
                <dict>
                    <key>value</key>
                    <string>1050</string>
                </dict>
            </dict>
            <dict>
                <key>id</key>
                <string>2457</string>
                <key>Texture</key>
                <dict>
                    <key>value</key>
                    <string>1050</string>
                </dict>
            </dict>
            <dict>
                <key>id</key>
                <string>2463</string>
                <key>Texture</key>
                <dict>
                    <key>value</key>
                    <string>1050</string>
                </dict>
            </dict>
            <dict>
                <key>id</key>
                <string>2469</string>
                <key>Texture</key>
                <dict>
                    <key>value</key>
                    <string>1050</string>
                </dict>
            </dict>
            <dict>
                <key>id</key>
                <string>2475</string>
                <key>Texture</key>
                <dict>
                    <key>value</key>
                    <string>1050</string>
                </dict>
            </dict>
            <dict>
                <key>id</key>
                <string>2481</string>
                <key>Texture</key>
                <dict>
                    <key>value</key>
                    <string>1050</string>
                </dict>
            </dict>
            <dict>
                <key>id</key>
                <string>2487</string>
                <key>Texture</key>
                <dict>
                    <key>value</key>
                    <string>1050</string>
                </dict>
            </dict>
            <dict>
                <key>id</key>
                <string>2493</string>
                <key>Texture</key>
                <dict>
                    <key>value</key>
                    <string>1050</string>
                </dict>
            </dict>
            <dict>
                <key>id</key>
                <string>2499</string>
                <key>Texture</key>
                <dict>
                    <key>value</key>
                    <string>1050</string>
                </dict>
            </dict>
            <dict>
                <key>id</key>
                <string>2505</string>
                <key>Texture</key>
                <dict>
                    <key>value</key>
                    <string>1050</string>
                </dict>
            </dict>
            <dict>
                <key>id</key>
                <string>2511</string>
                <key>Texture</key>
                <dict>
                    <key>value</key>
                    <string>1050</string>
                </dict>
            </dict>
            <dict>
                <key>id</key>
                <string>2517</string>
                <key>Texture</key>
                <dict>
                    <key>value</key>
                    <string>1050</string>
                </dict>
            </dict>
            <dict>
                <key>id</key>
                <string>2523</string>
                <key>Texture</key>
                <dict>
                    <key>value</key>
                    <string>1050</string>
                </dict>
            </dict>
            <dict>
                <key>id</key>
                <string>2529</string>
                <key>Texture</key>
                <dict>
                    <key>value</key>
                    <string>1050</string>
                </dict>
            </dict>
            <dict>
                <key>id</key>
                <string>2535</string>
                <key>Texture</key>
                <dict>
                    <key>value</key>
                    <string>1050</string>
                </dict>
            </dict>
            <dict>
                <key>id</key>
                <string>2541</string>
                <key>Texture</key>
                <dict>
                    <key>value</key>
                    <string>1050</string>
                </dict>
            </dict>
            <dict>
                <key>id</key>
                <string>2547</string>
                <key>Texture</key>
                <dict>
                    <key>value</key>
                    <string>1050</string>
                </dict>
            </dict>
            <dict>
                <key>id</key>
                <string>2575</string>
                <key>Texture</key>
                <dict>
                    <key>value</key>
                    <string>1050</string>
                </dict>
            </dict>
            <dict>
                <key>id</key>
                <string>2628</string>
                <key>Texture</key>
                <dict>
                    <key>value</key>
                    <string>1050</string>
                </dict>
            </dict>
            <dict>
                <key>id</key>
                <string>2634</string>
                <key>Texture</key>
                <dict>
                    <key>value</key>
                    <string>1050</string>
                </dict>
            </dict>
            <dict>
                <key>id</key>
                <string>2640</string>
                <key>Texture</key>
                <dict>
                    <key>value</key>
                    <string>1050</string>
                </dict>
            </dict>
            <dict>
                <key>id</key>
                <string>2655</string>
                <key>Texture</key>
                <dict>
                    <key>value</key>
                    <string>1050</string>
                </dict>
            </dict>
            <dict>
                <key>id</key>
                <string>2661</string>
                <key>Texture</key>
                <dict>
                    <key>value</key>
                    <string>1050</string>
                </dict>
            </dict>
            <dict>
                <key>id</key>
                <string>2724</string>
                <key>Texture</key>
                <dict>
                    <key>value</key>
                    <string>1050</string>
                </dict>
            </dict>
            <dict>
                <key>id</key>
                <string>2730</string>
                <key>Texture</key>
                <dict>
                    <key>value</key>
                    <string>1050</string>
                </dict>
            </dict>
            <dict>
                <key>id</key>
                <string>2736</string>
                <key>Texture</key>
                <dict>
                    <key>value</key>
                    <string>1050</string>
                </dict>
            </dict>
            <dict>
                <key>id</key>
                <string>2742</string>
                <key>Texture</key>
                <dict>
                    <key>value</key>
                    <string>1050</string>
                </dict>
            </dict>
            <dict>
                <key>id</key>
                <string>2748</string>
                <key>Texture</key>
                <dict>
                    <key>value</key>
                    <string>1050</string>
                </dict>
            </dict>
            <dict>
                <key>id</key>
                <string>2754</string>
                <key>Texture</key>
                <dict>
                    <key>value</key>
                    <string>1050</string>
                </dict>
            </dict>
            <dict>
                <key>id</key>
                <string>3176</string>
                <key>Texture</key>
                <dict>
                    <key>value</key>
                    <string>3169</string>
                </dict>
            </dict>
            <dict>
                <key>id</key>
                <string>3187</string>
                <key>Texture</key>
                <dict>
                    <key>value</key>
                    <string>3169</string>
                </dict>
            </dict>
            <dict>
                <key>id</key>
                <string>3193</string>
                <key>Texture</key>
                <dict>
                    <key>value</key>
                    <string>3169</string>
                </dict>
            </dict>
            <dict>
                <key>id</key>
                <string>3199</string>
                <key>Texture</key>
                <dict>
                    <key>value</key>
                    <string>3169</string>
                </dict>
            </dict>
            <dict>
                <key>id</key>
                <string>3224</string>
                <key>Texture</key>
                <dict>
                    <key>value</key>
                    <string>3169</string>
                </dict>
            </dict>
            <dict>
                <key>id</key>
                <string>3230</string>
                <key>Texture</key>
                <dict>
                    <key>value</key>
                    <string>3169</string>
                </dict>
            </dict>
            <dict>
                <key>id</key>
                <string>3236</string>
                <key>Texture</key>
                <dict>
                    <key>value</key>
                    <string>3169</string>
                </dict>
            </dict>
            <dict>
                <key>id</key>
                <string>3242</string>
                <key>Texture</key>
                <dict>
                    <key>value</key>
                    <string>3169</string>
                </dict>
            </dict>
            <dict>
                <key>id</key>
                <string>3248</string>
                <key>Texture</key>
                <dict>
                    <key>value</key>
                    <string>3169</string>
                </dict>
            </dict>
            <dict>
                <key>id</key>
                <string>5143</string>
                <key>Texture</key>
                <dict>
                    <key>value</key>
                    <string>5136</string>
                </dict>
            </dict>
            <dict>
                <key>id</key>
                <string>5149</string>
                <key>Texture</key>
                <dict>
                    <key>value</key>
                    <string>5136</string>
                </dict>
            </dict>
            <dict>
                <key>id</key>
                <string>5155</string>
                <key>Texture</key>
                <dict>
                    <key>value</key>
                    <string>5136</string>
                </dict>
            </dict>
            <dict>
                <key>id</key>
                <string>5161</string>
                <key>Texture</key>
                <dict>
                    <key>value</key>
                    <string>5136</string>
                </dict>
            </dict>
            <dict>
                <key>id</key>
                <string>5167</string>
                <key>Texture</key>
                <dict>
                    <key>value</key>
                    <string>5136</string>
                </dict>
            </dict>
            <dict>
                <key>id</key>
                <string>5173</string>
                <key>Texture</key>
                <dict>
                    <key>value</key>
                    <string>5136</string>
                </dict>
            </dict>
            <dict>
                <key>id</key>
                <string>5179</string>
                <key>Texture</key>
                <dict>
                    <key>value</key>
                    <string>5136</string>
                </dict>
            </dict>
            <dict>
                <key>id</key>
                <string>5185</string>
                <key>Texture</key>
                <dict>
                    <key>value</key>
                    <string>5136</string>
                </dict>
            </dict>
            <dict>
                <key>id</key>
                <string>5191</string>
                <key>Texture</key>
                <dict>
                    <key>value</key>
                    <string>5136</string>
                </dict>
            </dict>
            <dict>
                <key>id</key>
                <string>5197</string>
                <key>Texture</key>
                <dict>
                    <key>value</key>
                    <string>5136</string>
                </dict>
            </dict>
            <dict>
                <key>id</key>
                <string>5203</string>
                <key>Texture</key>
                <dict>
                    <key>value</key>
                    <string>5136</string>
                </dict>
            </dict>
            <dict>
                <key>id</key>
                <string>5215</string>
                <key>Texture</key>
                <dict>
                    <key>value</key>
                    <string>5136</string>
                </dict>
            </dict>
            <dict>
                <key>id</key>
                <string>5221</string>
                <key>Texture</key>
                <dict>
                    <key>value</key>
                    <string>5136</string>
                </dict>
            </dict>
            <dict>
                <key>id</key>
                <string>5227</string>
                <key>Texture</key>
                <dict>
                    <key>value</key>
                    <string>5136</string>
                </dict>
            </dict>
            <dict>
                <key>id</key>
                <string>5233</string>
                <key>Texture</key>
                <dict>
                    <key>value</key>
                    <string>5136</string>
                </dict>
            </dict>
            <dict>
                <key>id</key>
                <string>5239</string>
                <key>Texture</key>
                <dict>
                    <key>value</key>
                    <string>5136</string>
                </dict>
            </dict>
            <dict>
                <key>id</key>
                <string>5245</string>
                <key>Texture</key>
                <dict>
                    <key>value</key>
                    <string>5136</string>
                </dict>
            </dict>
            <dict>
                <key>id</key>
                <string>5251</string>
                <key>Texture</key>
                <dict>
                    <key>value</key>
                    <string>5136</string>
                </dict>
            </dict>
            <dict>
                <key>id</key>
                <string>5299</string>
                <key>Texture</key>
                <dict>
                    <key>value</key>
                    <string>5136</string>
                </dict>
            </dict>
            <dict>
                <key>id</key>
                <string>6763</string>
                <key>Texture</key>
                <dict>
                    <key>value</key>
                    <string>6759</string>
                </dict>
            </dict>
            <dict>
                <key>id</key>
                <string>6766</string>
                <key>Texture</key>
                <dict>
                    <key>value</key>
                    <string>6759</string>
                </dict>
            </dict>
            <dict>
                <key>id</key>
                <string>6769</string>
                <key>Texture</key>
                <dict>
                    <key>value</key>
                    <string>6759</string>
                </dict>
            </dict>
            <dict>
                <key>id</key>
                <string>6772</string>
                <key>Texture</key>
                <dict>
                    <key>value</key>
                    <string>6759</string>
                </dict>
            </dict>
            <dict>
                <key>id</key>
                <string>6775</string>
                <key>Texture</key>
                <dict>
                    <key>value</key>
                    <string>6759</string>
                </dict>
            </dict>
            <dict>
                <key>id</key>
                <string>6778</string>
                <key>Texture</key>
                <dict>
                    <key>value</key>
                    <string>6759</string>
                </dict>
            </dict>
            <dict>
                <key>id</key>
                <string>6791</string>
                <key>Texture</key>
                <dict>
                    <key>value</key>
                    <string>6759</string>
                </dict>
            </dict>
            <dict>
                <key>id</key>
                <string>6794</string>
                <key>Texture</key>
                <dict>
                    <key>value</key>
                    <string>6759</string>
                </dict>
            </dict>
            <dict>
                <key>id</key>
                <string>6797</string>
                <key>Texture</key>
                <dict>
                    <key>value</key>
                    <string>6759</string>
                </dict>
            </dict>
            <dict>
                <key>id</key>
                <string>6800</string>
                <key>Texture</key>
                <dict>
                    <key>value</key>
                    <string>6759</string>
                </dict>
            </dict>
            <dict>
                <key>id</key>
                <string>6911</string>
                <key>Texture</key>
                <dict>
                    <key>value</key>
                    <string>6907</string>
                </dict>
            </dict>
            <dict>
                <key>id</key>
                <string>6914</string>
                <key>Texture</key>
                <dict>
                    <key>value</key>
                    <string>6907</string>
                </dict>
            </dict>
            <dict>
                <key>id</key>
                <string>6917</string>
                <key>Texture</key>
                <dict>
                    <key>value</key>
                    <string>6907</string>
                </dict>
            </dict>
            <dict>
                <key>id</key>
                <string>6923</string>
                <key>Texture</key>
                <dict>
                    <key>value</key>
                    <string>6907</string>
                </dict>
            </dict>
            <dict>
                <key>id</key>
                <string>6929</string>
                <key>Texture</key>
                <dict>
                    <key>value</key>
                    <string>6907</string>
                </dict>
            </dict>
            <dict>
                <key>id</key>
                <string>6932</string>
                <key>Texture</key>
                <dict>
                    <key>value</key>
                    <string>6907</string>
                </dict>
            </dict>
            <dict>
                <key>id</key>
                <string>6935</string>
                <key>Texture</key>
                <dict>
                    <key>value</key>
                    <string>6907</string>
                </dict>
            </dict>
            <dict>
                <key>id</key>
                <string>6938</string>
                <key>Texture</key>
                <dict>
                    <key>value</key>
                    <string>6907</string>
                </dict>
            </dict>
            <dict>
                <key>id</key>
                <string>6941</string>
                <key>Texture</key>
                <dict>
                    <key>value</key>
                    <string>6907</string>
                </dict>
            </dict>
            <dict>
                <key>id</key>
                <string>6944</string>
                <key>Texture</key>
                <dict>
                    <key>value</key>
                    <string>6907</string>
                </dict>
            </dict>
            <dict>
                <key>id</key>
                <string>6947</string>
                <key>Texture</key>
                <dict>
                    <key>value</key>
                    <string>6907</string>
                </dict>
            </dict>
            <dict>
                <key>id</key>
                <string>6950</string>
                <key>Texture</key>
                <dict>
                    <key>value</key>
                    <string>6907</string>
                </dict>
            </dict>
            <dict>
                <key>id</key>
                <string>6953</string>
                <key>Texture</key>
                <dict>
                    <key>value</key>
                    <string>6907</string>
                </dict>
            </dict>
            <dict>
                <key>id</key>
                <string>6956</string>
                <key>Texture</key>
                <dict>
                    <key>value</key>
                    <string>6907</string>
                </dict>
            </dict>
            <dict>
                <key>id</key>
                <string>6959</string>
                <key>Texture</key>
                <dict>
                    <key>value</key>
                    <string>6907</string>
                </dict>
            </dict>
            <dict>
                <key>id</key>
                <string>6962</string>
                <key>Texture</key>
                <dict>
                    <key>value</key>
                    <string>6907</string>
                </dict>
            </dict>
        </array>
    </dict>
</plist>
