<?xml version="1.0" encoding="UTF-8"?>
<!DOCTYPE plist PUBLIC "-//Apple//DTD PLIST 1.0//EN" "http://www.apple.com/DTDs/PropertyList-1.0.dtd"/>

<plist version="1.0">
    <dict>
        <key>ROOT</key>
        <array>
            <dict>
                <key>id</key>
                <string>217</string>
                <key>Emitters</key>
                <dict>
                    <key>emitters</key>
                    <array>
                        <string>221</string>
                    </array>
                </dict>
            </dict>
            <dict>
                <key>id</key>
                <string>231</string>
                <key>Emitters</key>
                <dict>
                    <key>emitters</key>
                    <array>
                        <string>233</string>
                    </array>
                </dict>
            </dict>
            <dict>
                <key>id</key>
                <string>584</string>
                <key>Emitters</key>
                <dict>
                    <key>emitters</key>
                    <array>
                        <string>586</string>
                    </array>
                </dict>
            </dict>
            <dict>
                <key>id</key>
                <string>945</string>
                <key>Emitters</key>
                <dict>
                    <key>emitters</key>
                    <array>
                        <string>947</string>
                    </array>
                </dict>
            </dict>
            <dict>
                <key>id</key>
                <string>951</string>
                <key>Emitters</key>
                <dict>
                    <key>emitters</key>
                    <array>
                        <string>953</string>
                        <string>956</string>
                    </array>
                </dict>
            </dict>
            <dict>
                <key>id</key>
                <string>984</string>
                <key>Emitters</key>
                <dict>
                    <key>emitters</key>
                    <array>
                        <string>990</string>
                    </array>
                </dict>
            </dict>
            <dict>
                <key>id</key>
                <string>1047</string>
                <key>Emitters</key>
                <dict>
                    <key>emitters</key>
                    <array>
                        <string>1049</string>
                    </array>
                </dict>
            </dict>
            <dict>
                <key>id</key>
                <string>1251</string>
                <key>Emitters</key>
                <dict>
                    <key>emitters</key>
                    <array>
                        <string>1253</string>
                    </array>
                </dict>
            </dict>
            <dict>
                <key>id</key>
                <string>1317</string>
                <key>Emitters</key>
                <dict>
                    <key>emitters</key>
                    <array>
                        <string>1319</string>
                        <string>1320</string>
                    </array>
                </dict>
            </dict>
            <dict>
                <key>id</key>
                <string>2293</string>
                <key>Emitters</key>
                <dict>
                    <key>emitters</key>
                    <array>
                        <string>2295</string>
                    </array>
                </dict>
            </dict>
            <dict>
                <key>id</key>
                <string>2322</string>
                <key>Emitters</key>
                <dict>
                    <key>emitters</key>
                    <array>
                        <string>2324</string>
                    </array>
                </dict>
            </dict>
            <dict>
                <key>id</key>
                <string>2328</string>
                <key>Emitters</key>
                <dict>
                    <key>emitters</key>
                    <array>
                        <string>2330</string>
                    </array>
                </dict>
            </dict>
            <dict>
                <key>id</key>
                <string>2334</string>
                <key>Emitters</key>
                <dict>
                    <key>emitters</key>
                    <array>
                        <string>2336</string>
                    </array>
                </dict>
            </dict>
            <dict>
                <key>id</key>
                <string>2340</string>
                <key>Emitters</key>
                <dict>
                    <key>emitters</key>
                    <array>
                        <string>2342</string>
                    </array>
                </dict>
            </dict>
            <dict>
                <key>id</key>
                <string>2346</string>
                <key>Emitters</key>
                <dict>
                    <key>emitters</key>
                    <array>
                        <string>2348</string>
                    </array>
                </dict>
            </dict>
            <dict>
                <key>id</key>
                <string>2352</string>
                <key>Emitters</key>
                <dict>
                    <key>emitters</key>
                    <array>
                        <string>2354</string>
                    </array>
                </dict>
            </dict>
            <dict>
                <key>id</key>
                <string>2358</string>
                <key>Emitters</key>
                <dict>
                    <key>emitters</key>
                    <array>
                        <string>2360</string>
                    </array>
                </dict>
            </dict>
            <dict>
                <key>id</key>
                <string>2364</string>
                <key>Emitters</key>
                <dict>
                    <key>emitters</key>
                    <array>
                        <string>2366</string>
                    </array>
                </dict>
            </dict>
            <dict>
                <key>id</key>
                <string>2370</string>
                <key>Emitters</key>
                <dict>
                    <key>emitters</key>
                    <array>
                        <string>2372</string>
                    </array>
                </dict>
            </dict>
            <dict>
                <key>id</key>
                <string>2376</string>
                <key>Emitters</key>
                <dict>
                    <key>emitters</key>
                    <array>
                        <string>2378</string>
                    </array>
                </dict>
            </dict>
            <dict>
                <key>id</key>
                <string>2382</string>
                <key>Emitters</key>
                <dict>
                    <key>emitters</key>
                    <array>
                        <string>2384</string>
                    </array>
                </dict>
            </dict>
            <dict>
                <key>id</key>
                <string>2388</string>
                <key>Emitters</key>
                <dict>
                    <key>emitters</key>
                    <array>
                        <string>2390</string>
                    </array>
                </dict>
            </dict>
            <dict>
                <key>id</key>
                <string>2394</string>
                <key>Emitters</key>
                <dict>
                    <key>emitters</key>
                    <array>
                        <string>2396</string>
                    </array>
                </dict>
            </dict>
            <dict>
                <key>id</key>
                <string>2400</string>
                <key>Emitters</key>
                <dict>
                    <key>emitters</key>
                    <array>
                        <string>2402</string>
                    </array>
                </dict>
            </dict>
            <dict>
                <key>id</key>
                <string>2406</string>
                <key>Emitters</key>
                <dict>
                    <key>emitters</key>
                    <array>
                        <string>2408</string>
                    </array>
                </dict>
            </dict>
            <dict>
                <key>id</key>
                <string>2412</string>
                <key>Emitters</key>
                <dict>
                    <key>emitters</key>
                    <array>
                        <string>2414</string>
                    </array>
                </dict>
            </dict>
            <dict>
                <key>id</key>
                <string>2418</string>
                <key>Emitters</key>
                <dict>
                    <key>emitters</key>
                    <array>
                        <string>2420</string>
                    </array>
                </dict>
            </dict>
            <dict>
                <key>id</key>
                <string>2429</string>
                <key>Emitters</key>
                <dict>
                    <key>emitters</key>
                    <array>
                        <string>2431</string>
                    </array>
                </dict>
            </dict>
            <dict>
                <key>id</key>
                <string>2443</string>
                <key>Emitters</key>
                <dict>
                    <key>emitters</key>
                    <array>
                        <string>2445</string>
                    </array>
                </dict>
            </dict>
            <dict>
                <key>id</key>
                <string>2449</string>
                <key>Emitters</key>
                <dict>
                    <key>emitters</key>
                    <array>
                        <string>2451</string>
                    </array>
                </dict>
            </dict>
            <dict>
                <key>id</key>
                <string>2455</string>
                <key>Emitters</key>
                <dict>
                    <key>emitters</key>
                    <array>
                        <string>2457</string>
                    </array>
                </dict>
            </dict>
            <dict>
                <key>id</key>
                <string>2461</string>
                <key>Emitters</key>
                <dict>
                    <key>emitters</key>
                    <array>
                        <string>2463</string>
                    </array>
                </dict>
            </dict>
            <dict>
                <key>id</key>
                <string>2467</string>
                <key>Emitters</key>
                <dict>
                    <key>emitters</key>
                    <array>
                        <string>2469</string>
                    </array>
                </dict>
            </dict>
            <dict>
                <key>id</key>
                <string>2473</string>
                <key>Emitters</key>
                <dict>
                    <key>emitters</key>
                    <array>
                        <string>2475</string>
                    </array>
                </dict>
            </dict>
            <dict>
                <key>id</key>
                <string>2479</string>
                <key>Emitters</key>
                <dict>
                    <key>emitters</key>
                    <array>
                        <string>2481</string>
                    </array>
                </dict>
            </dict>
            <dict>
                <key>id</key>
                <string>2485</string>
                <key>Emitters</key>
                <dict>
                    <key>emitters</key>
                    <array>
                        <string>2487</string>
                    </array>
                </dict>
            </dict>
            <dict>
                <key>id</key>
                <string>2491</string>
                <key>Emitters</key>
                <dict>
                    <key>emitters</key>
                    <array>
                        <string>2493</string>
                    </array>
                </dict>
            </dict>
            <dict>
                <key>id</key>
                <string>2497</string>
                <key>Emitters</key>
                <dict>
                    <key>emitters</key>
                    <array>
                        <string>2499</string>
                    </array>
                </dict>
            </dict>
            <dict>
                <key>id</key>
                <string>2503</string>
                <key>Emitters</key>
                <dict>
                    <key>emitters</key>
                    <array>
                        <string>2505</string>
                    </array>
                </dict>
            </dict>
            <dict>
                <key>id</key>
                <string>2509</string>
                <key>Emitters</key>
                <dict>
                    <key>emitters</key>
                    <array>
                        <string>2511</string>
                    </array>
                </dict>
            </dict>
            <dict>
                <key>id</key>
                <string>2515</string>
                <key>Emitters</key>
                <dict>
                    <key>emitters</key>
                    <array>
                        <string>2517</string>
                    </array>
                </dict>
            </dict>
            <dict>
                <key>id</key>
                <string>2521</string>
                <key>Emitters</key>
                <dict>
                    <key>emitters</key>
                    <array>
                        <string>2523</string>
                    </array>
                </dict>
            </dict>
            <dict>
                <key>id</key>
                <string>2527</string>
                <key>Emitters</key>
                <dict>
                    <key>emitters</key>
                    <array>
                        <string>2529</string>
                    </array>
                </dict>
            </dict>
            <dict>
                <key>id</key>
                <string>2533</string>
                <key>Emitters</key>
                <dict>
                    <key>emitters</key>
                    <array>
                        <string>2535</string>
                    </array>
                </dict>
            </dict>
            <dict>
                <key>id</key>
                <string>2539</string>
                <key>Emitters</key>
                <dict>
                    <key>emitters</key>
                    <array>
                        <string>2541</string>
                    </array>
                </dict>
            </dict>
            <dict>
                <key>id</key>
                <string>2545</string>
                <key>Emitters</key>
                <dict>
                    <key>emitters</key>
                    <array>
                        <string>2547</string>
                    </array>
                </dict>
            </dict>
            <dict>
                <key>id</key>
                <string>2573</string>
                <key>Emitters</key>
                <dict>
                    <key>emitters</key>
                    <array>
                        <string>2575</string>
                    </array>
                </dict>
            </dict>
            <dict>
                <key>id</key>
                <string>2626</string>
                <key>Emitters</key>
                <dict>
                    <key>emitters</key>
                    <array>
                        <string>2628</string>
                    </array>
                </dict>
            </dict>
            <dict>
                <key>id</key>
                <string>2632</string>
                <key>Emitters</key>
                <dict>
                    <key>emitters</key>
                    <array>
                        <string>2634</string>
                    </array>
                </dict>
            </dict>
            <dict>
                <key>id</key>
                <string>2638</string>
                <key>Emitters</key>
                <dict>
                    <key>emitters</key>
                    <array>
                        <string>2640</string>
                    </array>
                </dict>
            </dict>
            <dict>
                <key>id</key>
                <string>2653</string>
                <key>Emitters</key>
                <dict>
                    <key>emitters</key>
                    <array>
                        <string>2655</string>
                    </array>
                </dict>
            </dict>
            <dict>
                <key>id</key>
                <string>2659</string>
                <key>Emitters</key>
                <dict>
                    <key>emitters</key>
                    <array>
                        <string>2661</string>
                    </array>
                </dict>
            </dict>
            <dict>
                <key>id</key>
                <string>2722</string>
                <key>Emitters</key>
                <dict>
                    <key>emitters</key>
                    <array>
                        <string>2724</string>
                    </array>
                </dict>
            </dict>
            <dict>
                <key>id</key>
                <string>2728</string>
                <key>Emitters</key>
                <dict>
                    <key>emitters</key>
                    <array>
                        <string>2730</string>
                    </array>
                </dict>
            </dict>
            <dict>
                <key>id</key>
                <string>2734</string>
                <key>Emitters</key>
                <dict>
                    <key>emitters</key>
                    <array>
                        <string>2736</string>
                    </array>
                </dict>
            </dict>
            <dict>
                <key>id</key>
                <string>2740</string>
                <key>Emitters</key>
                <dict>
                    <key>emitters</key>
                    <array>
                        <string>2742</string>
                    </array>
                </dict>
            </dict>
            <dict>
                <key>id</key>
                <string>2746</string>
                <key>Emitters</key>
                <dict>
                    <key>emitters</key>
                    <array>
                        <string>2748</string>
                    </array>
                </dict>
            </dict>
            <dict>
                <key>id</key>
                <string>2752</string>
                <key>Emitters</key>
                <dict>
                    <key>emitters</key>
                    <array>
                        <string>2754</string>
                    </array>
                </dict>
            </dict>
            <dict>
                <key>id</key>
                <string>3174</string>
                <key>Emitters</key>
                <dict>
                    <key>emitters</key>
                    <array>
                        <string>3176</string>
                    </array>
                </dict>
            </dict>
            <dict>
                <key>id</key>
                <string>3185</string>
                <key>Emitters</key>
                <dict>
                    <key>emitters</key>
                    <array>
                        <string>3187</string>
                    </array>
                </dict>
            </dict>
            <dict>
                <key>id</key>
                <string>3191</string>
                <key>Emitters</key>
                <dict>
                    <key>emitters</key>
                    <array>
                        <string>3193</string>
                    </array>
                </dict>
            </dict>
            <dict>
                <key>id</key>
                <string>3197</string>
                <key>Emitters</key>
                <dict>
                    <key>emitters</key>
                    <array>
                        <string>3199</string>
                    </array>
                </dict>
            </dict>
            <dict>
                <key>id</key>
                <string>3222</string>
                <key>Emitters</key>
                <dict>
                    <key>emitters</key>
                    <array>
                        <string>3224</string>
                    </array>
                </dict>
            </dict>
            <dict>
                <key>id</key>
                <string>3228</string>
                <key>Emitters</key>
                <dict>
                    <key>emitters</key>
                    <array>
                        <string>3230</string>
                    </array>
                </dict>
            </dict>
            <dict>
                <key>id</key>
                <string>3234</string>
                <key>Emitters</key>
                <dict>
                    <key>emitters</key>
                    <array>
                        <string>3236</string>
                    </array>
                </dict>
            </dict>
            <dict>
                <key>id</key>
                <string>3240</string>
                <key>Emitters</key>
                <dict>
                    <key>emitters</key>
                    <array>
                        <string>3242</string>
                    </array>
                </dict>
            </dict>
            <dict>
                <key>id</key>
                <string>3246</string>
                <key>Emitters</key>
                <dict>
                    <key>emitters</key>
                    <array>
                        <string>3248</string>
                    </array>
                </dict>
            </dict>
            <dict>
                <key>id</key>
                <string>5141</string>
                <key>Emitters</key>
                <dict>
                    <key>emitters</key>
                    <array>
                        <string>5143</string>
                    </array>
                </dict>
            </dict>
            <dict>
                <key>id</key>
                <string>5147</string>
                <key>Emitters</key>
                <dict>
                    <key>emitters</key>
                    <array>
                        <string>5149</string>
                    </array>
                </dict>
            </dict>
            <dict>
                <key>id</key>
                <string>5153</string>
                <key>Emitters</key>
                <dict>
                    <key>emitters</key>
                    <array>
                        <string>5155</string>
                    </array>
                </dict>
            </dict>
            <dict>
                <key>id</key>
                <string>5159</string>
                <key>Emitters</key>
                <dict>
                    <key>emitters</key>
                    <array>
                        <string>5161</string>
                    </array>
                </dict>
            </dict>
            <dict>
                <key>id</key>
                <string>5165</string>
                <key>Emitters</key>
                <dict>
                    <key>emitters</key>
                    <array>
                        <string>5167</string>
                    </array>
                </dict>
            </dict>
            <dict>
                <key>id</key>
                <string>5171</string>
                <key>Emitters</key>
                <dict>
                    <key>emitters</key>
                    <array>
                        <string>5173</string>
                    </array>
                </dict>
            </dict>
            <dict>
                <key>id</key>
                <string>5177</string>
                <key>Emitters</key>
                <dict>
                    <key>emitters</key>
                    <array>
                        <string>5179</string>
                    </array>
                </dict>
            </dict>
            <dict>
                <key>id</key>
                <string>5183</string>
                <key>Emitters</key>
                <dict>
                    <key>emitters</key>
                    <array>
                        <string>5185</string>
                    </array>
                </dict>
            </dict>
            <dict>
                <key>id</key>
                <string>5189</string>
                <key>Emitters</key>
                <dict>
                    <key>emitters</key>
                    <array>
                        <string>5191</string>
                    </array>
                </dict>
            </dict>
            <dict>
                <key>id</key>
                <string>5195</string>
                <key>Emitters</key>
                <dict>
                    <key>emitters</key>
                    <array>
                        <string>5197</string>
                    </array>
                </dict>
            </dict>
            <dict>
                <key>id</key>
                <string>5201</string>
                <key>Emitters</key>
                <dict>
                    <key>emitters</key>
                    <array>
                        <string>5203</string>
                    </array>
                </dict>
            </dict>
            <dict>
                <key>id</key>
                <string>5213</string>
                <key>Emitters</key>
                <dict>
                    <key>emitters</key>
                    <array>
                        <string>5215</string>
                    </array>
                </dict>
            </dict>
            <dict>
                <key>id</key>
                <string>5219</string>
                <key>Emitters</key>
                <dict>
                    <key>emitters</key>
                    <array>
                        <string>5221</string>
                    </array>
                </dict>
            </dict>
            <dict>
                <key>id</key>
                <string>5225</string>
                <key>Emitters</key>
                <dict>
                    <key>emitters</key>
                    <array>
                        <string>5227</string>
                    </array>
                </dict>
            </dict>
            <dict>
                <key>id</key>
                <string>5231</string>
                <key>Emitters</key>
                <dict>
                    <key>emitters</key>
                    <array>
                        <string>5233</string>
                    </array>
                </dict>
            </dict>
            <dict>
                <key>id</key>
                <string>5237</string>
                <key>Emitters</key>
                <dict>
                    <key>emitters</key>
                    <array>
                        <string>5239</string>
                    </array>
                </dict>
            </dict>
            <dict>
                <key>id</key>
                <string>5243</string>
                <key>Emitters</key>
                <dict>
                    <key>emitters</key>
                    <array>
                        <string>5245</string>
                    </array>
                </dict>
            </dict>
            <dict>
                <key>id</key>
                <string>5249</string>
                <key>Emitters</key>
                <dict>
                    <key>emitters</key>
                    <array>
                        <string>5251</string>
                    </array>
                </dict>
            </dict>
            <dict>
                <key>id</key>
                <string>5297</string>
                <key>Emitters</key>
                <dict>
                    <key>emitters</key>
                    <array>
                        <string>5299</string>
                    </array>
                </dict>
            </dict>
            <dict>
                <key>id</key>
                <string>6764</string>
                <key>Emitters</key>
                <dict>
                    <key>emitters</key>
                    <array>
                        <string>6766</string>
                    </array>
                </dict>
            </dict>
            <dict>
                <key>id</key>
                <string>6770</string>
                <key>Emitters</key>
                <dict>
                    <key>emitters</key>
                    <array>
                        <string>6772</string>
                    </array>
                </dict>
            </dict>
            <dict>
                <key>id</key>
                <string>6776</string>
                <key>Emitters</key>
                <dict>
                    <key>emitters</key>
                    <array>
                        <string>6778</string>
                    </array>
                </dict>
            </dict>
            <dict>
                <key>id</key>
                <string>6792</string>
                <key>Emitters</key>
                <dict>
                    <key>emitters</key>
                    <array>
                        <string>6794</string>
                    </array>
                </dict>
            </dict>
            <dict>
                <key>id</key>
                <string>6798</string>
                <key>Emitters</key>
                <dict>
                    <key>emitters</key>
                    <array>
                        <string>6800</string>
                    </array>
                </dict>
            </dict>
            <dict>
                <key>id</key>
                <string>6912</string>
                <key>Emitters</key>
                <dict>
                    <key>emitters</key>
                    <array>
                        <string>6914</string>
                    </array>
                </dict>
            </dict>
            <dict>
                <key>id</key>
                <string>6936</string>
                <key>Emitters</key>
                <dict>
                    <key>emitters</key>
                    <array>
                        <string>6938</string>
                    </array>
                </dict>
            </dict>
            <dict>
                <key>id</key>
                <string>6942</string>
                <key>Emitters</key>
                <dict>
                    <key>emitters</key>
                    <array>
                        <string>6944</string>
                    </array>
                </dict>
            </dict>
            <dict>
                <key>id</key>
                <string>6948</string>
                <key>Emitters</key>
                <dict>
                    <key>emitters</key>
                    <array>
                        <string>6950</string>
                    </array>
                </dict>
            </dict>
            <dict>
                <key>id</key>
                <string>6954</string>
                <key>Emitters</key>
                <dict>
                    <key>emitters</key>
                    <array>
                        <string>6956</string>
                    </array>
                </dict>
            </dict>
            <dict>
                <key>id</key>
                <string>6960</string>
                <key>Emitters</key>
                <dict>
                    <key>emitters</key>
                    <array>
                        <string>6962</string>
                    </array>
                </dict>
            </dict>
        </array>
    </dict>
</plist>
