<?xml version="1.0" encoding="UTF-8"?>
<!DOCTYPE plist PUBLIC "-//Apple//DTD PLIST 1.0//EN" "http://www.apple.com/DTDs/PropertyList-1.0.dtd"/>

<plist version="1.0">
    <dict>
        <key>ROOT</key>
        <array>
            <dict>
                <key>id</key>
                <string>1896</string>
                <key>Default Animation</key>
                <dict>
                    <key>value</key>
                    <string>1898</string>
                </dict>
                <key>Shooting Animation</key>
                <dict>
                    <key>value</key>
                    <string>1928</string>
                </dict>
                <key>Bullet Animation</key>
                <dict>
                    <key>value</key>
                    <string>1998</string>
                </dict>
                <key>Jump Animation</key>
                <dict>
                    <key>value</key>
                    <string>2080</string>
                </dict>
                <key>Defeated Animation</key>
                <dict>
                    <key>value</key>
                    <string>2107</string>
                </dict>
                <key>components</key>
                <array>
                    <string>1902</string>
                    <string>4591</string>
                    <string>4592</string>
                </array>
            </dict>
        </array>
    </dict>
</plist>
