<?xml version="1.0" encoding="UTF-8"?>
<!DOCTYPE plist PUBLIC "-//Apple//DTD PLIST 1.0//EN" "http://www.apple.com/DTDs/PropertyList-1.0.dtd"/>

<plist version="1.0">
    <dict>
        <key>ROOT</key>
        <array>
            <dict>
                <key>id</key>
                <string>3516</string>
                <key>className</key>
                <string>PTModelAssetPowerup</string>
                <key>Name</key>
                <dict>
                    <key>value</key>
                    <string>model-2-2-2x</string>
                </dict>
                <key>Collision Shape</key>
                <dict>
                    <key>id</key>
                    <string>3517</string>
                    <key>className</key>
                    <string>PTModelPolygon</string>
                    <key>Name</key>
                    <dict>
                        <key>value</key>
                        <string></string>
                    </dict>
                    <key>points</key>
                    <array>
                        <string>{-171.000000,-153.000000}</string>
                        <string>{171.000000,-153.000000}</string>
                        <string>{171.000000,153.000000}</string>
                        <string>{-171.000000,153.000000}</string>
                    </array>
                    <key>oneWayCollisionVector</key>
                    <string>{0.000000,0.000000}</string>
                    <key>shapeType</key>
                    <string>1</string>
                </dict>
                <key>Powerup Type</key>
                <dict>
                    <key>selectedStringValue</key>
                    <string>kPowerupCoin</string>
                </dict>
                <key>Animation Placement</key>
                <dict>
                    <key>selectedStringValue</key>
                    <string>kPowerupScreenConstraint</string>
                </dict>
                <key>Animation Behaviour</key>
                <dict>
                    <key>selectedStringValue</key>
                    <string>kReplaceBehaviour</string>
                </dict>
                <key>Animation Repeat</key>
                <dict>
                    <key>selectedStringValue</key>
                    <string>kLoopedAnimation</string>
                </dict>
                <key>Reward Coins</key>
                <dict>
                    <key>value</key>
                    <string>15.000000</string>
                </dict>
                <key>Gameplay properties</key>
                <dict>
                    <key>visible</key>
                    <string>0</string>
                </dict>
                <key>Max Speed</key>
                <dict>
                    <key>visible</key>
                    <string>0</string>
                    <key>value</key>
                    <string>{50.000,0.000}</string>
                </dict>
                <key>Gravity</key>
                <dict>
                    <key>visible</key>
                    <string>0</string>
                    <key>value</key>
                    <string>{0.000,-75.000}</string>
                </dict>
                <key>Jump Force</key>
                <dict>
                    <key>visible</key>
                    <string>0</string>
                    <key>value</key>
                    <string>{0.000,50.000}</string>
                </dict>
                <key>Jump Counter</key>
                <dict>
                    <key>visible</key>
                    <string>0</string>
                    <key>value</key>
                    <string>5.000000</string>
                </dict>
                <key>Jump Timeout</key>
                <dict>
                    <key>visible</key>
                    <string>0</string>
                    <key>value</key>
                    <string>0.250000</string>
                </dict>
                <key>Jump From Ground</key>
                <dict>
                    <key>visible</key>
                    <string>0</string>
                </dict>
                <key>Right Lean Force</key>
                <dict>
                    <key>visible</key>
                    <string>0</string>
                    <key>value</key>
                    <string>2.000000</string>
                </dict>
                <key>Left Lean Force</key>
                <dict>
                    <key>visible</key>
                    <string>0</string>
                    <key>value</key>
                    <string>2.000000</string>
                </dict>
                <key>Game Speed Min</key>
                <dict>
                    <key>visible</key>
                    <string>0</string>
                    <key>value</key>
                    <string>55.000000</string>
                </dict>
                <key>Game Speed Max</key>
                <dict>
                    <key>visible</key>
                    <string>0</string>
                    <key>value</key>
                    <string>55.000000</string>
                </dict>
                <key>Speed Increase</key>
                <dict>
                    <key>visible</key>
                    <string>0</string>
                </dict>
                <key>Friction</key>
                <dict>
                    <key>visible</key>
                    <string>0</string>
                </dict>
                <key>Time Warp</key>
                <dict>
                    <key>visible</key>
                    <string>0</string>
                    <key>value</key>
                    <string>60.000004</string>
                </dict>
                <key>Velocity Drag</key>
                <dict>
                    <key>visible</key>
                    <string>0</string>
                    <key>value</key>
                    <string>100.000000</string>
                </dict>
                <key>Rotation Drag</key>
                <dict>
                    <key>visible</key>
                    <string>0</string>
                </dict>
                <key>Bounce Force</key>
                <dict>
                    <key>visible</key>
                    <string>0</string>
                    <key>value</key>
                    <string>{0.000,0.000}</string>
                </dict>
                <key>Bounce</key>
                <dict>
                    <key>visible</key>
                    <string>0</string>
                </dict>
                <key>Score Multiplier</key>
                <dict>
                    <key>visible</key>
                    <string>0</string>
                    <key>value</key>
                    <string>1.000000</string>
                </dict>
                <key>Air Drag</key>
                <dict>
                    <key>visible</key>
                    <string>0</string>
                    <key>value</key>
                    <string>{0.020,0.130}</string>
                </dict>
                <key>Platform Friction</key>
                <dict>
                    <key>visible</key>
                    <string>0</string>
                    <key>value</key>
                    <string>0.500000</string>
                </dict>
                <key>Game Direction</key>
                <dict>
                    <key>visible</key>
                    <string>0</string>
                </dict>
            </dict>
            <dict>
                <key>id</key>
                <string>3684</string>
                <key>className</key>
                <string>PTModelAssetPowerup</string>
                <key>Name</key>
                <dict>
                    <key>value</key>
                    <string>coin1</string>
                </dict>
                <key>Collision Shape</key>
                <dict>
                    <key>id</key>
                    <string>3685</string>
                    <key>className</key>
                    <string>PTModelPolygon</string>
                    <key>Name</key>
                    <dict>
                        <key>value</key>
                        <string></string>
                    </dict>
                    <key>points</key>
                    <array>
                        <string>{-76.500000,-76.000000}</string>
                        <string>{76.500000,-76.000000}</string>
                        <string>{76.500000,76.000000}</string>
                        <string>{-76.500000,76.000000}</string>
                    </array>
                    <key>oneWayCollisionVector</key>
                    <string>{0.000000,0.000000}</string>
                    <key>shapeType</key>
                    <string>1</string>
                </dict>
                <key>Powerup Type</key>
                <dict>
                    <key>selectedStringValue</key>
                    <string>kPowerupCoin</string>
                </dict>
                <key>Animation Placement</key>
                <dict>
                    <key>selectedStringValue</key>
                    <string>kPowerupCharacterConstraint</string>
                </dict>
                <key>Animation Behaviour</key>
                <dict>
                    <key>selectedStringValue</key>
                    <string>kOverlayBehaviour</string>
                </dict>
                <key>Animation Repeat</key>
                <dict>
                    <key>selectedStringValue</key>
                    <string>kLoopedAnimation</string>
                </dict>
                <key>Reward Coins</key>
                <dict>
                    <key>value</key>
                    <string>10.000000</string>
                </dict>
                <key>Gameplay properties</key>
                <dict>
                    <key>visible</key>
                    <string>0</string>
                </dict>
                <key>Max Speed</key>
                <dict>
                    <key>visible</key>
                    <string>0</string>
                    <key>value</key>
                    <string>{50.000,0.000}</string>
                </dict>
                <key>Gravity</key>
                <dict>
                    <key>visible</key>
                    <string>0</string>
                    <key>value</key>
                    <string>{0.000,-75.000}</string>
                </dict>
                <key>Jump Force</key>
                <dict>
                    <key>visible</key>
                    <string>0</string>
                    <key>value</key>
                    <string>{0.000,50.000}</string>
                </dict>
                <key>Jump Counter</key>
                <dict>
                    <key>visible</key>
                    <string>0</string>
                    <key>value</key>
                    <string>5.000000</string>
                </dict>
                <key>Jump Timeout</key>
                <dict>
                    <key>visible</key>
                    <string>0</string>
                    <key>value</key>
                    <string>0.250000</string>
                </dict>
                <key>Jump From Ground</key>
                <dict>
                    <key>visible</key>
                    <string>0</string>
                </dict>
                <key>Right Lean Force</key>
                <dict>
                    <key>visible</key>
                    <string>0</string>
                    <key>value</key>
                    <string>2.000000</string>
                </dict>
                <key>Left Lean Force</key>
                <dict>
                    <key>visible</key>
                    <string>0</string>
                    <key>value</key>
                    <string>2.000000</string>
                </dict>
                <key>Game Speed Min</key>
                <dict>
                    <key>visible</key>
                    <string>0</string>
                    <key>value</key>
                    <string>55.000000</string>
                </dict>
                <key>Game Speed Max</key>
                <dict>
                    <key>visible</key>
                    <string>0</string>
                    <key>value</key>
                    <string>55.000000</string>
                </dict>
                <key>Speed Increase</key>
                <dict>
                    <key>visible</key>
                    <string>0</string>
                </dict>
                <key>Friction</key>
                <dict>
                    <key>visible</key>
                    <string>0</string>
                </dict>
                <key>Time Warp</key>
                <dict>
                    <key>visible</key>
                    <string>0</string>
                    <key>value</key>
                    <string>60.000004</string>
                </dict>
                <key>Velocity Drag</key>
                <dict>
                    <key>visible</key>
                    <string>0</string>
                    <key>value</key>
                    <string>100.000000</string>
                </dict>
                <key>Rotation Drag</key>
                <dict>
                    <key>visible</key>
                    <string>0</string>
                </dict>
                <key>Bounce Force</key>
                <dict>
                    <key>visible</key>
                    <string>0</string>
                    <key>value</key>
                    <string>{0.000,0.000}</string>
                </dict>
                <key>Bounce</key>
                <dict>
                    <key>visible</key>
                    <string>0</string>
                </dict>
                <key>Score Multiplier</key>
                <dict>
                    <key>visible</key>
                    <string>0</string>
                    <key>value</key>
                    <string>1.000000</string>
                </dict>
                <key>Air Drag</key>
                <dict>
                    <key>visible</key>
                    <string>0</string>
                    <key>value</key>
                    <string>{0.020,0.130}</string>
                </dict>
                <key>Platform Friction</key>
                <dict>
                    <key>visible</key>
                    <string>0</string>
                    <key>value</key>
                    <string>0.500000</string>
                </dict>
                <key>Game Direction</key>
                <dict>
                    <key>visible</key>
                    <string>0</string>
                </dict>
            </dict>
        </array>
    </dict>
</plist>
