<?xml version="1.0" encoding="UTF-8"?>
<!DOCTYPE plist PUBLIC "-//Apple//DTD PLIST 1.0//EN" "http://www.apple.com/DTDs/PropertyList-1.0.dtd"/>

<plist version="1.0">
    <dict>
        <key>ROOT</key>
        <array>
            <dict>
                <key>id</key>
                <string>3516</string>
                <key>Idle Animation</key>
                <dict>
                    <key>value</key>
                    <string>3518</string>
                </dict>
            </dict>
            <dict>
                <key>id</key>
                <string>3684</string>
                <key>Idle Animation</key>
                <dict>
                    <key>value</key>
                    <string>3686</string>
                </dict>
            </dict>
        </array>
    </dict>
</plist>
