<?xml version="1.0" encoding="UTF-8"?>
<!DOCTYPE plist PUBLIC "-//Apple//DTD PLIST 1.0//EN" "http://www.apple.com/DTDs/PropertyList-1.0.dtd"/>

<plist version="1.0">
    <dict>
        <key>ROOT</key>
        <array>
            <dict>
                <key>id</key>
                <string>346</string>
                <key>Image</key>
                <dict>
                    <key>value</key>
                    <string>341</string>
                </dict>
            </dict>
            <dict>
                <key>id</key>
                <string>447</string>
                <key>Image</key>
                <dict>
                    <key>value</key>
                    <string>441</string>
                </dict>
            </dict>
            <dict>
                <key>id</key>
                <string>1577</string>
                <key>Image</key>
                <dict>
                    <key>value</key>
                    <string>1571</string>
                </dict>
            </dict>
            <dict>
                <key>id</key>
                <string>1586</string>
                <key>Image</key>
                <dict>
                    <key>value</key>
                    <string>1580</string>
                </dict>
            </dict>
            <dict>
                <key>id</key>
                <string>1747</string>
                <key>Image</key>
                <dict>
                    <key>value</key>
                    <string>1748</string>
                </dict>
            </dict>
            <dict>
                <key>id</key>
                <string>1755</string>
                <key>Image</key>
                <dict>
                    <key>value</key>
                    <string>1748</string>
                </dict>
            </dict>
            <dict>
                <key>id</key>
                <string>1758</string>
            </dict>
            <dict>
                <key>id</key>
                <string>1762</string>
                <key>Image</key>
                <dict>
                    <key>value</key>
                    <string>1748</string>
                </dict>
            </dict>
            <dict>
                <key>id</key>
                <string>1771</string>
                <key>Image</key>
                <dict>
                    <key>value</key>
                    <string>1748</string>
                </dict>
            </dict>
            <dict>
                <key>id</key>
                <string>1778</string>
                <key>Image</key>
                <dict>
                    <key>value</key>
                    <string>1748</string>
                </dict>
            </dict>
            <dict>
                <key>id</key>
                <string>1781</string>
                <key>Image</key>
                <dict>
                    <key>value</key>
                    <string>1779</string>
                </dict>
            </dict>
            <dict>
                <key>id</key>
                <string>1784</string>
                <key>Image</key>
                <dict>
                    <key>value</key>
                    <string>1748</string>
                </dict>
            </dict>
            <dict>
                <key>id</key>
                <string>1787</string>
                <key>Image</key>
                <dict>
                    <key>value</key>
                    <string>1785</string>
                </dict>
            </dict>
            <dict>
                <key>id</key>
                <string>1800</string>
                <key>Image</key>
                <dict>
                    <key>value</key>
                    <string>1748</string>
                </dict>
            </dict>
            <dict>
                <key>id</key>
                <string>1830</string>
                <key>Image</key>
                <dict>
                    <key>value</key>
                    <string>1748</string>
                </dict>
            </dict>
            <dict>
                <key>id</key>
                <string>1863</string>
                <key>Image</key>
                <dict>
                    <key>value</key>
                    <string>1858</string>
                </dict>
            </dict>
            <dict>
                <key>id</key>
                <string>2006</string>
                <key>Image</key>
                <dict>
                    <key>value</key>
                    <string>1932</string>
                </dict>
            </dict>
            <dict>
                <key>id</key>
                <string>2037</string>
                <key>Image</key>
                <dict>
                    <key>value</key>
                    <string>2015</string>
                </dict>
            </dict>
            <dict>
                <key>id</key>
                <string>2044</string>
                <key>Image</key>
                <dict>
                    <key>value</key>
                    <string>1932</string>
                </dict>
            </dict>
            <dict>
                <key>id</key>
                <string>2053</string>
                <key>Image</key>
                <dict>
                    <key>value</key>
                    <string>1932</string>
                </dict>
            </dict>
            <dict>
                <key>id</key>
                <string>2081</string>
                <key>Image</key>
                <dict>
                    <key>value</key>
                    <string>2058</string>
                </dict>
            </dict>
            <dict>
                <key>id</key>
                <string>2108</string>
                <key>Image</key>
                <dict>
                    <key>value</key>
                    <string>2084</string>
                </dict>
            </dict>
            <dict>
                <key>id</key>
                <string>2115</string>
                <key>Image</key>
                <dict>
                    <key>value</key>
                    <string>1932</string>
                </dict>
            </dict>
            <dict>
                <key>id</key>
                <string>2125</string>
                <key>Image</key>
                <dict>
                    <key>value</key>
                    <string>2120</string>
                </dict>
            </dict>
            <dict>
                <key>id</key>
                <string>2135</string>
                <key>Image</key>
                <dict>
                    <key>value</key>
                    <string>1932</string>
                </dict>
            </dict>
            <dict>
                <key>id</key>
                <string>2271</string>
                <key>Image</key>
                <dict>
                    <key>value</key>
                    <string>1932</string>
                </dict>
            </dict>
            <dict>
                <key>id</key>
                <string>2597</string>
                <key>Image</key>
                <dict>
                    <key>value</key>
                    <string>1932</string>
                </dict>
            </dict>
            <dict>
                <key>id</key>
                <string>2645</string>
                <key>Image</key>
                <dict>
                    <key>value</key>
                    <string>1932</string>
                </dict>
            </dict>
            <dict>
                <key>id</key>
                <string>2666</string>
                <key>Image</key>
                <dict>
                    <key>value</key>
                    <string>1932</string>
                </dict>
            </dict>
            <dict>
                <key>id</key>
                <string>2675</string>
                <key>Image</key>
                <dict>
                    <key>value</key>
                    <string>1932</string>
                </dict>
            </dict>
            <dict>
                <key>id</key>
                <string>2685</string>
                <key>Image</key>
                <dict>
                    <key>value</key>
                    <string>2680</string>
                </dict>
            </dict>
            <dict>
                <key>id</key>
                <string>2701</string>
                <key>Image</key>
                <dict>
                    <key>value</key>
                    <string>1932</string>
                </dict>
            </dict>
            <dict>
                <key>id</key>
                <string>2711</string>
                <key>Image</key>
                <dict>
                    <key>value</key>
                    <string>2706</string>
                </dict>
            </dict>
            <dict>
                <key>id</key>
                <string>2759</string>
                <key>Image</key>
                <dict>
                    <key>value</key>
                    <string>1932</string>
                </dict>
            </dict>
            <dict>
                <key>id</key>
                <string>2768</string>
                <key>Image</key>
                <dict>
                    <key>value</key>
                    <string>1932</string>
                </dict>
            </dict>
            <dict>
                <key>id</key>
                <string>2796</string>
                <key>Image</key>
                <dict>
                    <key>value</key>
                    <string>2778</string>
                </dict>
            </dict>
            <dict>
                <key>id</key>
                <string>2826</string>
                <key>Image</key>
                <dict>
                    <key>value</key>
                    <string>1932</string>
                </dict>
            </dict>
            <dict>
                <key>id</key>
                <string>2836</string>
                <key>Image</key>
                <dict>
                    <key>value</key>
                    <string>2831</string>
                </dict>
            </dict>
            <dict>
                <key>id</key>
                <string>2916</string>
                <key>Image</key>
                <dict>
                    <key>value</key>
                    <string>1932</string>
                </dict>
            </dict>
            <dict>
                <key>id</key>
                <string>2933</string>
                <key>Image</key>
                <dict>
                    <key>value</key>
                    <string>2929</string>
                </dict>
            </dict>
            <dict>
                <key>id</key>
                <string>2940</string>
                <key>Image</key>
                <dict>
                    <key>value</key>
                    <string>2929</string>
                </dict>
            </dict>
            <dict>
                <key>id</key>
                <string>2950</string>
                <key>Image</key>
                <dict>
                    <key>value</key>
                    <string>2945</string>
                </dict>
            </dict>
            <dict>
                <key>id</key>
                <string>3013</string>
                <key>Image</key>
                <dict>
                    <key>value</key>
                    <string>2929</string>
                </dict>
            </dict>
            <dict>
                <key>id</key>
                <string>3022</string>
                <key>Image</key>
                <dict>
                    <key>value</key>
                    <string>2929</string>
                </dict>
            </dict>
            <dict>
                <key>id</key>
                <string>3039</string>
                <key>Image</key>
                <dict>
                    <key>value</key>
                    <string>2929</string>
                </dict>
            </dict>
            <dict>
                <key>id</key>
                <string>3048</string>
                <key>Image</key>
                <dict>
                    <key>value</key>
                    <string>2929</string>
                </dict>
            </dict>
            <dict>
                <key>id</key>
                <string>3057</string>
                <key>Image</key>
                <dict>
                    <key>value</key>
                    <string>2929</string>
                </dict>
            </dict>
            <dict>
                <key>id</key>
                <string>3066</string>
                <key>Image</key>
                <dict>
                    <key>value</key>
                    <string>2929</string>
                </dict>
            </dict>
            <dict>
                <key>id</key>
                <string>3075</string>
                <key>Image</key>
                <dict>
                    <key>value</key>
                    <string>2929</string>
                </dict>
            </dict>
            <dict>
                <key>id</key>
                <string>3084</string>
                <key>Image</key>
                <dict>
                    <key>value</key>
                    <string>2929</string>
                </dict>
            </dict>
            <dict>
                <key>id</key>
                <string>3101</string>
                <key>Image</key>
                <dict>
                    <key>value</key>
                    <string>2929</string>
                </dict>
            </dict>
            <dict>
                <key>id</key>
                <string>3110</string>
                <key>Image</key>
                <dict>
                    <key>value</key>
                    <string>2929</string>
                </dict>
            </dict>
            <dict>
                <key>id</key>
                <string>3119</string>
                <key>Image</key>
                <dict>
                    <key>value</key>
                    <string>2929</string>
                </dict>
            </dict>
            <dict>
                <key>id</key>
                <string>3128</string>
                <key>Image</key>
                <dict>
                    <key>value</key>
                    <string>2929</string>
                </dict>
            </dict>
            <dict>
                <key>id</key>
                <string>3137</string>
                <key>Image</key>
                <dict>
                    <key>value</key>
                    <string>2929</string>
                </dict>
            </dict>
            <dict>
                <key>id</key>
                <string>3147</string>
                <key>Image</key>
                <dict>
                    <key>value</key>
                    <string>3142</string>
                </dict>
            </dict>
            <dict>
                <key>id</key>
                <string>3253</string>
                <key>Image</key>
                <dict>
                    <key>value</key>
                    <string>2929</string>
                </dict>
            </dict>
            <dict>
                <key>id</key>
                <string>3262</string>
                <key>Image</key>
                <dict>
                    <key>value</key>
                    <string>2929</string>
                </dict>
            </dict>
            <dict>
                <key>id</key>
                <string>3272</string>
                <key>Image</key>
                <dict>
                    <key>value</key>
                    <string>3267</string>
                </dict>
            </dict>
            <dict>
                <key>id</key>
                <string>3296</string>
                <key>Image</key>
                <dict>
                    <key>value</key>
                    <string>2929</string>
                </dict>
            </dict>
            <dict>
                <key>id</key>
                <string>3305</string>
                <key>Image</key>
                <dict>
                    <key>value</key>
                    <string>2929</string>
                </dict>
            </dict>
            <dict>
                <key>id</key>
                <string>3314</string>
                <key>Image</key>
                <dict>
                    <key>value</key>
                    <string>2929</string>
                </dict>
            </dict>
            <dict>
                <key>id</key>
                <string>3324</string>
                <key>Image</key>
                <dict>
                    <key>value</key>
                    <string>2929</string>
                </dict>
            </dict>
            <dict>
                <key>id</key>
                <string>3333</string>
                <key>Image</key>
                <dict>
                    <key>value</key>
                    <string>2929</string>
                </dict>
            </dict>
            <dict>
                <key>id</key>
                <string>3342</string>
                <key>Image</key>
                <dict>
                    <key>value</key>
                    <string>2929</string>
                </dict>
            </dict>
            <dict>
                <key>id</key>
                <string>3351</string>
                <key>Image</key>
                <dict>
                    <key>value</key>
                    <string>2929</string>
                </dict>
            </dict>
            <dict>
                <key>id</key>
                <string>3360</string>
                <key>Image</key>
                <dict>
                    <key>value</key>
                    <string>2929</string>
                </dict>
            </dict>
            <dict>
                <key>id</key>
                <string>3369</string>
                <key>Image</key>
                <dict>
                    <key>value</key>
                    <string>2929</string>
                </dict>
            </dict>
            <dict>
                <key>id</key>
                <string>3393</string>
                <key>Image</key>
                <dict>
                    <key>value</key>
                    <string>2929</string>
                </dict>
            </dict>
            <dict>
                <key>id</key>
                <string>3402</string>
                <key>Image</key>
                <dict>
                    <key>value</key>
                    <string>2929</string>
                </dict>
            </dict>
            <dict>
                <key>id</key>
                <string>3411</string>
                <key>Image</key>
                <dict>
                    <key>value</key>
                    <string>2929</string>
                </dict>
            </dict>
            <dict>
                <key>id</key>
                <string>3474</string>
                <key>Image</key>
                <dict>
                    <key>value</key>
                    <string>2929</string>
                </dict>
            </dict>
            <dict>
                <key>id</key>
                <string>3483</string>
                <key>Image</key>
                <dict>
                    <key>value</key>
                    <string>2929</string>
                </dict>
            </dict>
            <dict>
                <key>id</key>
                <string>3492</string>
                <key>Image</key>
                <dict>
                    <key>value</key>
                    <string>2929</string>
                </dict>
            </dict>
            <dict>
                <key>id</key>
                <string>3501</string>
                <key>Image</key>
                <dict>
                    <key>value</key>
                    <string>2929</string>
                </dict>
            </dict>
            <dict>
                <key>id</key>
                <string>3519</string>
                <key>Image</key>
                <dict>
                    <key>value</key>
                    <string>3506</string>
                </dict>
            </dict>
            <dict>
                <key>id</key>
                <string>3529</string>
                <key>Image</key>
                <dict>
                    <key>value</key>
                    <string>2929</string>
                </dict>
            </dict>
            <dict>
                <key>id</key>
                <string>3540</string>
                <key>Image</key>
                <dict>
                    <key>value</key>
                    <string>3535</string>
                </dict>
            </dict>
            <dict>
                <key>id</key>
                <string>3551</string>
                <key>Image</key>
                <dict>
                    <key>value</key>
                    <string>3546</string>
                </dict>
            </dict>
            <dict>
                <key>id</key>
                <string>3562</string>
                <key>Image</key>
                <dict>
                    <key>value</key>
                    <string>3557</string>
                </dict>
            </dict>
            <dict>
                <key>id</key>
                <string>3573</string>
                <key>Image</key>
                <dict>
                    <key>value</key>
                    <string>3568</string>
                </dict>
            </dict>
            <dict>
                <key>id</key>
                <string>3584</string>
                <key>Image</key>
                <dict>
                    <key>value</key>
                    <string>3579</string>
                </dict>
            </dict>
            <dict>
                <key>id</key>
                <string>3599</string>
                <key>Image</key>
                <dict>
                    <key>value</key>
                    <string>3594</string>
                </dict>
            </dict>
            <dict>
                <key>id</key>
                <string>3609</string>
                <key>Image</key>
                <dict>
                    <key>value</key>
                    <string>2929</string>
                </dict>
            </dict>
            <dict>
                <key>id</key>
                <string>3618</string>
                <key>Image</key>
                <dict>
                    <key>value</key>
                    <string>2929</string>
                </dict>
            </dict>
            <dict>
                <key>id</key>
                <string>3627</string>
                <key>Image</key>
                <dict>
                    <key>value</key>
                    <string>2929</string>
                </dict>
            </dict>
            <dict>
                <key>id</key>
                <string>3636</string>
                <key>Image</key>
                <dict>
                    <key>value</key>
                    <string>2929</string>
                </dict>
            </dict>
            <dict>
                <key>id</key>
                <string>3645</string>
                <key>Image</key>
                <dict>
                    <key>value</key>
                    <string>2929</string>
                </dict>
            </dict>
            <dict>
                <key>id</key>
                <string>3654</string>
                <key>Image</key>
                <dict>
                    <key>value</key>
                    <string>2929</string>
                </dict>
            </dict>
            <dict>
                <key>id</key>
                <string>3663</string>
                <key>Image</key>
                <dict>
                    <key>value</key>
                    <string>2929</string>
                </dict>
            </dict>
            <dict>
                <key>id</key>
                <string>3672</string>
                <key>Image</key>
                <dict>
                    <key>value</key>
                    <string>2929</string>
                </dict>
            </dict>
            <dict>
                <key>id</key>
                <string>3687</string>
                <key>Image</key>
                <dict>
                    <key>value</key>
                    <string>3677</string>
                </dict>
            </dict>
            <dict>
                <key>id</key>
                <string>3777</string>
                <key>Image</key>
                <dict>
                    <key>value</key>
                    <string>2929</string>
                </dict>
            </dict>
            <dict>
                <key>id</key>
                <string>3786</string>
                <key>Image</key>
                <dict>
                    <key>value</key>
                    <string>2929</string>
                </dict>
            </dict>
            <dict>
                <key>id</key>
                <string>3808</string>
                <key>Image</key>
                <dict>
                    <key>value</key>
                    <string>2929</string>
                </dict>
            </dict>
            <dict>
                <key>id</key>
                <string>3817</string>
                <key>Image</key>
                <dict>
                    <key>value</key>
                    <string>2929</string>
                </dict>
            </dict>
            <dict>
                <key>id</key>
                <string>3826</string>
                <key>Image</key>
                <dict>
                    <key>value</key>
                    <string>2929</string>
                </dict>
            </dict>
            <dict>
                <key>id</key>
                <string>3835</string>
                <key>Image</key>
                <dict>
                    <key>value</key>
                    <string>2929</string>
                </dict>
            </dict>
            <dict>
                <key>id</key>
                <string>3844</string>
                <key>Image</key>
                <dict>
                    <key>value</key>
                    <string>2929</string>
                </dict>
            </dict>
            <dict>
                <key>id</key>
                <string>3853</string>
                <key>Image</key>
                <dict>
                    <key>value</key>
                    <string>2929</string>
                </dict>
            </dict>
            <dict>
                <key>id</key>
                <string>3862</string>
                <key>Image</key>
                <dict>
                    <key>value</key>
                    <string>3858</string>
                </dict>
            </dict>
            <dict>
                <key>id</key>
                <string>3906</string>
                <key>Image</key>
                <dict>
                    <key>value</key>
                    <string>2929</string>
                </dict>
            </dict>
            <dict>
                <key>id</key>
                <string>3915</string>
                <key>Image</key>
                <dict>
                    <key>value</key>
                    <string>2929</string>
                </dict>
            </dict>
            <dict>
                <key>id</key>
                <string>3924</string>
                <key>Image</key>
                <dict>
                    <key>value</key>
                    <string>2929</string>
                </dict>
            </dict>
            <dict>
                <key>id</key>
                <string>3933</string>
                <key>Image</key>
                <dict>
                    <key>value</key>
                    <string>2929</string>
                </dict>
            </dict>
            <dict>
                <key>id</key>
                <string>3960</string>
                <key>Image</key>
                <dict>
                    <key>value</key>
                    <string>2929</string>
                </dict>
            </dict>
            <dict>
                <key>id</key>
                <string>3977</string>
                <key>Image</key>
                <dict>
                    <key>value</key>
                    <string>2929</string>
                </dict>
            </dict>
            <dict>
                <key>id</key>
                <string>3986</string>
                <key>Image</key>
                <dict>
                    <key>value</key>
                    <string>2929</string>
                </dict>
            </dict>
            <dict>
                <key>id</key>
                <string>3995</string>
                <key>Image</key>
                <dict>
                    <key>value</key>
                    <string>2929</string>
                </dict>
            </dict>
            <dict>
                <key>id</key>
                <string>4004</string>
                <key>Image</key>
                <dict>
                    <key>value</key>
                    <string>2929</string>
                </dict>
            </dict>
            <dict>
                <key>id</key>
                <string>4013</string>
                <key>Image</key>
                <dict>
                    <key>value</key>
                    <string>2929</string>
                </dict>
            </dict>
            <dict>
                <key>id</key>
                <string>4027</string>
                <key>Image</key>
                <dict>
                    <key>value</key>
                    <string>4022</string>
                </dict>
            </dict>
            <dict>
                <key>id</key>
                <string>4040</string>
                <key>Image</key>
                <dict>
                    <key>value</key>
                    <string>2929</string>
                </dict>
            </dict>
            <dict>
                <key>id</key>
                <string>4049</string>
                <key>Image</key>
                <dict>
                    <key>value</key>
                    <string>2929</string>
                </dict>
            </dict>
            <dict>
                <key>id</key>
                <string>4058</string>
                <key>Image</key>
                <dict>
                    <key>value</key>
                    <string>2929</string>
                </dict>
            </dict>
            <dict>
                <key>id</key>
                <string>4067</string>
                <key>Image</key>
                <dict>
                    <key>value</key>
                    <string>2929</string>
                </dict>
            </dict>
            <dict>
                <key>id</key>
                <string>4076</string>
                <key>Image</key>
                <dict>
                    <key>value</key>
                    <string>2929</string>
                </dict>
            </dict>
            <dict>
                <key>id</key>
                <string>4100</string>
                <key>Image</key>
                <dict>
                    <key>value</key>
                    <string>2929</string>
                </dict>
            </dict>
            <dict>
                <key>id</key>
                <string>4109</string>
                <key>Image</key>
                <dict>
                    <key>value</key>
                    <string>2929</string>
                </dict>
            </dict>
            <dict>
                <key>id</key>
                <string>4118</string>
                <key>Image</key>
                <dict>
                    <key>value</key>
                    <string>2929</string>
                </dict>
            </dict>
            <dict>
                <key>id</key>
                <string>4127</string>
                <key>Image</key>
                <dict>
                    <key>value</key>
                    <string>2929</string>
                </dict>
            </dict>
            <dict>
                <key>id</key>
                <string>4136</string>
                <key>Image</key>
                <dict>
                    <key>value</key>
                    <string>2929</string>
                </dict>
            </dict>
            <dict>
                <key>id</key>
                <string>4145</string>
                <key>Image</key>
                <dict>
                    <key>value</key>
                    <string>2929</string>
                </dict>
            </dict>
            <dict>
                <key>id</key>
                <string>4154</string>
                <key>Image</key>
                <dict>
                    <key>value</key>
                    <string>2929</string>
                </dict>
            </dict>
            <dict>
                <key>id</key>
                <string>4163</string>
                <key>Image</key>
                <dict>
                    <key>value</key>
                    <string>2929</string>
                </dict>
            </dict>
            <dict>
                <key>id</key>
                <string>4172</string>
                <key>Image</key>
                <dict>
                    <key>value</key>
                    <string>2929</string>
                </dict>
            </dict>
            <dict>
                <key>id</key>
                <string>4181</string>
                <key>Image</key>
                <dict>
                    <key>value</key>
                    <string>2929</string>
                </dict>
            </dict>
            <dict>
                <key>id</key>
                <string>4190</string>
                <key>Image</key>
                <dict>
                    <key>value</key>
                    <string>2929</string>
                </dict>
            </dict>
            <dict>
                <key>id</key>
                <string>4199</string>
                <key>Image</key>
                <dict>
                    <key>value</key>
                    <string>2929</string>
                </dict>
            </dict>
            <dict>
                <key>id</key>
                <string>4216</string>
                <key>Image</key>
                <dict>
                    <key>value</key>
                    <string>2929</string>
                </dict>
            </dict>
            <dict>
                <key>id</key>
                <string>4225</string>
                <key>Image</key>
                <dict>
                    <key>value</key>
                    <string>2929</string>
                </dict>
            </dict>
            <dict>
                <key>id</key>
                <string>4234</string>
                <key>Image</key>
                <dict>
                    <key>value</key>
                    <string>2929</string>
                </dict>
            </dict>
            <dict>
                <key>id</key>
                <string>4243</string>
                <key>Image</key>
                <dict>
                    <key>value</key>
                    <string>2929</string>
                </dict>
            </dict>
            <dict>
                <key>id</key>
                <string>4252</string>
                <key>Image</key>
                <dict>
                    <key>value</key>
                    <string>2929</string>
                </dict>
            </dict>
            <dict>
                <key>id</key>
                <string>4261</string>
                <key>Image</key>
                <dict>
                    <key>value</key>
                    <string>2929</string>
                </dict>
            </dict>
            <dict>
                <key>id</key>
                <string>4270</string>
                <key>Image</key>
                <dict>
                    <key>value</key>
                    <string>2929</string>
                </dict>
            </dict>
            <dict>
                <key>id</key>
                <string>4279</string>
                <key>Image</key>
                <dict>
                    <key>value</key>
                    <string>2929</string>
                </dict>
            </dict>
            <dict>
                <key>id</key>
                <string>4288</string>
                <key>Image</key>
                <dict>
                    <key>value</key>
                    <string>2929</string>
                </dict>
            </dict>
            <dict>
                <key>id</key>
                <string>4297</string>
                <key>Image</key>
                <dict>
                    <key>value</key>
                    <string>2929</string>
                </dict>
            </dict>
            <dict>
                <key>id</key>
                <string>4306</string>
                <key>Image</key>
                <dict>
                    <key>value</key>
                    <string>2929</string>
                </dict>
            </dict>
            <dict>
                <key>id</key>
                <string>4315</string>
                <key>Image</key>
                <dict>
                    <key>value</key>
                    <string>2929</string>
                </dict>
            </dict>
            <dict>
                <key>id</key>
                <string>4324</string>
                <key>Image</key>
                <dict>
                    <key>value</key>
                    <string>2929</string>
                </dict>
            </dict>
            <dict>
                <key>id</key>
                <string>4333</string>
                <key>Image</key>
                <dict>
                    <key>value</key>
                    <string>2929</string>
                </dict>
            </dict>
            <dict>
                <key>id</key>
                <string>4342</string>
                <key>Image</key>
                <dict>
                    <key>value</key>
                    <string>2929</string>
                </dict>
            </dict>
            <dict>
                <key>id</key>
                <string>4351</string>
                <key>Image</key>
                <dict>
                    <key>value</key>
                    <string>2929</string>
                </dict>
            </dict>
            <dict>
                <key>id</key>
                <string>4360</string>
                <key>Image</key>
                <dict>
                    <key>value</key>
                    <string>2929</string>
                </dict>
            </dict>
            <dict>
                <key>id</key>
                <string>4369</string>
                <key>Image</key>
                <dict>
                    <key>value</key>
                    <string>2929</string>
                </dict>
            </dict>
            <dict>
                <key>id</key>
                <string>4378</string>
                <key>Image</key>
                <dict>
                    <key>value</key>
                    <string>2929</string>
                </dict>
            </dict>
            <dict>
                <key>id</key>
                <string>4387</string>
                <key>Image</key>
                <dict>
                    <key>value</key>
                    <string>2929</string>
                </dict>
            </dict>
            <dict>
                <key>id</key>
                <string>4396</string>
                <key>Image</key>
                <dict>
                    <key>value</key>
                    <string>2929</string>
                </dict>
            </dict>
            <dict>
                <key>id</key>
                <string>4405</string>
                <key>Image</key>
                <dict>
                    <key>value</key>
                    <string>2929</string>
                </dict>
            </dict>
            <dict>
                <key>id</key>
                <string>4414</string>
                <key>Image</key>
                <dict>
                    <key>value</key>
                    <string>2929</string>
                </dict>
            </dict>
            <dict>
                <key>id</key>
                <string>4424</string>
                <key>Image</key>
                <dict>
                    <key>value</key>
                    <string>2929</string>
                </dict>
            </dict>
            <dict>
                <key>id</key>
                <string>4433</string>
                <key>Image</key>
                <dict>
                    <key>value</key>
                    <string>2929</string>
                </dict>
            </dict>
            <dict>
                <key>id</key>
                <string>4442</string>
                <key>Image</key>
                <dict>
                    <key>value</key>
                    <string>2929</string>
                </dict>
            </dict>
            <dict>
                <key>id</key>
                <string>4451</string>
                <key>Image</key>
                <dict>
                    <key>value</key>
                    <string>2929</string>
                </dict>
            </dict>
            <dict>
                <key>id</key>
                <string>4460</string>
                <key>Image</key>
                <dict>
                    <key>value</key>
                    <string>2929</string>
                </dict>
            </dict>
            <dict>
                <key>id</key>
                <string>4469</string>
                <key>Image</key>
                <dict>
                    <key>value</key>
                    <string>2929</string>
                </dict>
            </dict>
            <dict>
                <key>id</key>
                <string>4478</string>
                <key>Image</key>
                <dict>
                    <key>value</key>
                    <string>2929</string>
                </dict>
            </dict>
            <dict>
                <key>id</key>
                <string>4487</string>
                <key>Image</key>
                <dict>
                    <key>value</key>
                    <string>2929</string>
                </dict>
            </dict>
            <dict>
                <key>id</key>
                <string>4496</string>
                <key>Image</key>
                <dict>
                    <key>value</key>
                    <string>2929</string>
                </dict>
            </dict>
            <dict>
                <key>id</key>
                <string>4505</string>
                <key>Image</key>
                <dict>
                    <key>value</key>
                    <string>2929</string>
                </dict>
            </dict>
            <dict>
                <key>id</key>
                <string>4514</string>
                <key>Image</key>
                <dict>
                    <key>value</key>
                    <string>2929</string>
                </dict>
            </dict>
            <dict>
                <key>id</key>
                <string>4523</string>
                <key>Image</key>
                <dict>
                    <key>value</key>
                    <string>2929</string>
                </dict>
            </dict>
            <dict>
                <key>id</key>
                <string>4532</string>
                <key>Image</key>
                <dict>
                    <key>value</key>
                    <string>2929</string>
                </dict>
            </dict>
            <dict>
                <key>id</key>
                <string>4541</string>
                <key>Image</key>
                <dict>
                    <key>value</key>
                    <string>2929</string>
                </dict>
            </dict>
            <dict>
                <key>id</key>
                <string>4550</string>
                <key>Image</key>
                <dict>
                    <key>value</key>
                    <string>2929</string>
                </dict>
            </dict>
            <dict>
                <key>id</key>
                <string>4559</string>
                <key>Image</key>
                <dict>
                    <key>value</key>
                    <string>2929</string>
                </dict>
            </dict>
            <dict>
                <key>id</key>
                <string>4568</string>
                <key>Image</key>
                <dict>
                    <key>value</key>
                    <string>2929</string>
                </dict>
            </dict>
            <dict>
                <key>id</key>
                <string>4577</string>
                <key>Image</key>
                <dict>
                    <key>value</key>
                    <string>2929</string>
                </dict>
            </dict>
            <dict>
                <key>id</key>
                <string>4586</string>
                <key>Image</key>
                <dict>
                    <key>value</key>
                    <string>2929</string>
                </dict>
            </dict>
            <dict>
                <key>id</key>
                <string>4597</string>
                <key>Image</key>
                <dict>
                    <key>value</key>
                    <string>2929</string>
                </dict>
            </dict>
            <dict>
                <key>id</key>
                <string>4607</string>
                <key>Image</key>
                <dict>
                    <key>value</key>
                    <string>2929</string>
                </dict>
            </dict>
            <dict>
                <key>id</key>
                <string>4617</string>
                <key>Image</key>
                <dict>
                    <key>value</key>
                    <string>2929</string>
                </dict>
            </dict>
            <dict>
                <key>id</key>
                <string>4627</string>
                <key>Image</key>
                <dict>
                    <key>value</key>
                    <string>2929</string>
                </dict>
            </dict>
            <dict>
                <key>id</key>
                <string>4637</string>
                <key>Image</key>
                <dict>
                    <key>value</key>
                    <string>2929</string>
                </dict>
            </dict>
            <dict>
                <key>id</key>
                <string>4647</string>
                <key>Image</key>
                <dict>
                    <key>value</key>
                    <string>2929</string>
                </dict>
            </dict>
            <dict>
                <key>id</key>
                <string>4657</string>
                <key>Image</key>
                <dict>
                    <key>value</key>
                    <string>2929</string>
                </dict>
            </dict>
            <dict>
                <key>id</key>
                <string>4667</string>
                <key>Image</key>
                <dict>
                    <key>value</key>
                    <string>2929</string>
                </dict>
            </dict>
            <dict>
                <key>id</key>
                <string>4677</string>
                <key>Image</key>
                <dict>
                    <key>value</key>
                    <string>2929</string>
                </dict>
            </dict>
            <dict>
                <key>id</key>
                <string>4687</string>
                <key>Image</key>
                <dict>
                    <key>value</key>
                    <string>2929</string>
                </dict>
            </dict>
            <dict>
                <key>id</key>
                <string>4697</string>
                <key>Image</key>
                <dict>
                    <key>value</key>
                    <string>2929</string>
                </dict>
            </dict>
            <dict>
                <key>id</key>
                <string>4707</string>
                <key>Image</key>
                <dict>
                    <key>value</key>
                    <string>2929</string>
                </dict>
            </dict>
            <dict>
                <key>id</key>
                <string>4717</string>
                <key>Image</key>
                <dict>
                    <key>value</key>
                    <string>2929</string>
                </dict>
            </dict>
            <dict>
                <key>id</key>
                <string>4727</string>
                <key>Image</key>
                <dict>
                    <key>value</key>
                    <string>2929</string>
                </dict>
            </dict>
            <dict>
                <key>id</key>
                <string>4737</string>
                <key>Image</key>
                <dict>
                    <key>value</key>
                    <string>2929</string>
                </dict>
            </dict>
            <dict>
                <key>id</key>
                <string>4747</string>
                <key>Image</key>
                <dict>
                    <key>value</key>
                    <string>2929</string>
                </dict>
            </dict>
            <dict>
                <key>id</key>
                <string>4757</string>
                <key>Image</key>
                <dict>
                    <key>value</key>
                    <string>2929</string>
                </dict>
            </dict>
            <dict>
                <key>id</key>
                <string>4767</string>
                <key>Image</key>
                <dict>
                    <key>value</key>
                    <string>2929</string>
                </dict>
            </dict>
            <dict>
                <key>id</key>
                <string>4777</string>
                <key>Image</key>
                <dict>
                    <key>value</key>
                    <string>2929</string>
                </dict>
            </dict>
            <dict>
                <key>id</key>
                <string>4787</string>
                <key>Image</key>
                <dict>
                    <key>value</key>
                    <string>2929</string>
                </dict>
            </dict>
            <dict>
                <key>id</key>
                <string>4797</string>
                <key>Image</key>
                <dict>
                    <key>value</key>
                    <string>2929</string>
                </dict>
            </dict>
            <dict>
                <key>id</key>
                <string>4807</string>
                <key>Image</key>
                <dict>
                    <key>value</key>
                    <string>2929</string>
                </dict>
            </dict>
            <dict>
                <key>id</key>
                <string>4817</string>
                <key>Image</key>
                <dict>
                    <key>value</key>
                    <string>2929</string>
                </dict>
            </dict>
            <dict>
                <key>id</key>
                <string>4827</string>
                <key>Image</key>
                <dict>
                    <key>value</key>
                    <string>2929</string>
                </dict>
            </dict>
            <dict>
                <key>id</key>
                <string>4837</string>
                <key>Image</key>
                <dict>
                    <key>value</key>
                    <string>2929</string>
                </dict>
            </dict>
            <dict>
                <key>id</key>
                <string>4847</string>
                <key>Image</key>
                <dict>
                    <key>value</key>
                    <string>2929</string>
                </dict>
            </dict>
            <dict>
                <key>id</key>
                <string>4857</string>
                <key>Image</key>
                <dict>
                    <key>value</key>
                    <string>2929</string>
                </dict>
            </dict>
            <dict>
                <key>id</key>
                <string>4867</string>
                <key>Image</key>
                <dict>
                    <key>value</key>
                    <string>2929</string>
                </dict>
            </dict>
            <dict>
                <key>id</key>
                <string>4877</string>
                <key>Image</key>
                <dict>
                    <key>value</key>
                    <string>2929</string>
                </dict>
            </dict>
            <dict>
                <key>id</key>
                <string>4933</string>
                <key>Image</key>
                <dict>
                    <key>value</key>
                    <string>2929</string>
                </dict>
            </dict>
            <dict>
                <key>id</key>
                <string>4943</string>
                <key>Image</key>
                <dict>
                    <key>value</key>
                    <string>2929</string>
                </dict>
            </dict>
            <dict>
                <key>id</key>
                <string>4953</string>
                <key>Image</key>
                <dict>
                    <key>value</key>
                    <string>2929</string>
                </dict>
            </dict>
            <dict>
                <key>id</key>
                <string>4963</string>
                <key>Image</key>
                <dict>
                    <key>value</key>
                    <string>2929</string>
                </dict>
            </dict>
            <dict>
                <key>id</key>
                <string>4974</string>
                <key>Image</key>
                <dict>
                    <key>value</key>
                    <string>2929</string>
                </dict>
            </dict>
            <dict>
                <key>id</key>
                <string>4984</string>
                <key>Image</key>
                <dict>
                    <key>value</key>
                    <string>2929</string>
                </dict>
            </dict>
            <dict>
                <key>id</key>
                <string>4994</string>
                <key>Image</key>
                <dict>
                    <key>value</key>
                    <string>2929</string>
                </dict>
            </dict>
            <dict>
                <key>id</key>
                <string>5004</string>
                <key>Image</key>
                <dict>
                    <key>value</key>
                    <string>2929</string>
                </dict>
            </dict>
            <dict>
                <key>id</key>
                <string>5040</string>
                <key>Image</key>
                <dict>
                    <key>value</key>
                    <string>2929</string>
                </dict>
            </dict>
            <dict>
                <key>id</key>
                <string>5061</string>
                <key>Image</key>
                <dict>
                    <key>value</key>
                    <string>2929</string>
                </dict>
            </dict>
            <dict>
                <key>id</key>
                <string>5098</string>
                <key>Image</key>
                <dict>
                    <key>value</key>
                    <string>5093</string>
                </dict>
            </dict>
            <dict>
                <key>id</key>
                <string>5493</string>
                <key>Image</key>
                <dict>
                    <key>value</key>
                    <string>2929</string>
                </dict>
            </dict>
            <dict>
                <key>id</key>
                <string>5504</string>
                <key>Image</key>
                <dict>
                    <key>value</key>
                    <string>5499</string>
                </dict>
            </dict>
            <dict>
                <key>id</key>
                <string>5526</string>
                <key>Image</key>
                <dict>
                    <key>value</key>
                    <string>2929</string>
                </dict>
            </dict>
            <dict>
                <key>id</key>
                <string>5647</string>
                <key>Image</key>
                <dict>
                    <key>value</key>
                    <string>2929</string>
                </dict>
            </dict>
            <dict>
                <key>id</key>
                <string>5657</string>
                <key>Image</key>
                <dict>
                    <key>value</key>
                    <string>2929</string>
                </dict>
            </dict>
            <dict>
                <key>id</key>
                <string>5667</string>
                <key>Image</key>
                <dict>
                    <key>value</key>
                    <string>2929</string>
                </dict>
            </dict>
            <dict>
                <key>id</key>
                <string>5677</string>
                <key>Image</key>
                <dict>
                    <key>value</key>
                    <string>2929</string>
                </dict>
            </dict>
            <dict>
                <key>id</key>
                <string>5687</string>
                <key>Image</key>
                <dict>
                    <key>value</key>
                    <string>2929</string>
                </dict>
            </dict>
            <dict>
                <key>id</key>
                <string>5697</string>
                <key>Image</key>
                <dict>
                    <key>value</key>
                    <string>2929</string>
                </dict>
            </dict>
            <dict>
                <key>id</key>
                <string>5713</string>
                <key>Image</key>
                <dict>
                    <key>value</key>
                    <string>5709</string>
                </dict>
            </dict>
            <dict>
                <key>id</key>
                <string>1803</string>
                <key>Image</key>
                <dict>
                    <key>value</key>
                    <string>5722</string>
                </dict>
            </dict>
            <dict>
                <key>id</key>
                <string>5754</string>
                <key>Image</key>
                <dict>
                    <key>value</key>
                    <string>2929</string>
                </dict>
            </dict>
            <dict>
                <key>id</key>
                <string>5764</string>
                <key>Image</key>
                <dict>
                    <key>value</key>
                    <string>2929</string>
                </dict>
            </dict>
            <dict>
                <key>id</key>
                <string>5774</string>
                <key>Image</key>
                <dict>
                    <key>value</key>
                    <string>2929</string>
                </dict>
            </dict>
            <dict>
                <key>id</key>
                <string>5788</string>
                <key>Image</key>
                <dict>
                    <key>value</key>
                    <string>2929</string>
                </dict>
            </dict>
            <dict>
                <key>id</key>
                <string>5798</string>
                <key>Image</key>
                <dict>
                    <key>value</key>
                    <string>2929</string>
                </dict>
            </dict>
            <dict>
                <key>id</key>
                <string>5808</string>
                <key>Image</key>
                <dict>
                    <key>value</key>
                    <string>2929</string>
                </dict>
            </dict>
            <dict>
                <key>id</key>
                <string>5818</string>
                <key>Image</key>
                <dict>
                    <key>value</key>
                    <string>2929</string>
                </dict>
            </dict>
            <dict>
                <key>id</key>
                <string>5834</string>
                <key>Image</key>
                <dict>
                    <key>value</key>
                    <string>2929</string>
                </dict>
            </dict>
            <dict>
                <key>id</key>
                <string>5852</string>
                <key>Image</key>
                <dict>
                    <key>value</key>
                    <string>2929</string>
                </dict>
            </dict>
            <dict>
                <key>id</key>
                <string>5862</string>
                <key>Image</key>
                <dict>
                    <key>value</key>
                    <string>2929</string>
                </dict>
            </dict>
            <dict>
                <key>id</key>
                <string>5872</string>
                <key>Image</key>
                <dict>
                    <key>value</key>
                    <string>2929</string>
                </dict>
            </dict>
            <dict>
                <key>id</key>
                <string>5882</string>
                <key>Image</key>
                <dict>
                    <key>value</key>
                    <string>2929</string>
                </dict>
            </dict>
            <dict>
                <key>id</key>
                <string>5892</string>
                <key>Image</key>
                <dict>
                    <key>value</key>
                    <string>2929</string>
                </dict>
            </dict>
            <dict>
                <key>id</key>
                <string>5902</string>
                <key>Image</key>
                <dict>
                    <key>value</key>
                    <string>2929</string>
                </dict>
            </dict>
            <dict>
                <key>id</key>
                <string>5912</string>
                <key>Image</key>
                <dict>
                    <key>value</key>
                    <string>2929</string>
                </dict>
            </dict>
            <dict>
                <key>id</key>
                <string>5922</string>
                <key>Image</key>
                <dict>
                    <key>value</key>
                    <string>2929</string>
                </dict>
            </dict>
            <dict>
                <key>id</key>
                <string>5934</string>
                <key>Image</key>
                <dict>
                    <key>value</key>
                    <string>2929</string>
                </dict>
            </dict>
            <dict>
                <key>id</key>
                <string>5944</string>
                <key>Image</key>
                <dict>
                    <key>value</key>
                    <string>2929</string>
                </dict>
            </dict>
            <dict>
                <key>id</key>
                <string>5960</string>
                <key>Image</key>
                <dict>
                    <key>value</key>
                    <string>2929</string>
                </dict>
            </dict>
            <dict>
                <key>id</key>
                <string>5970</string>
                <key>Image</key>
                <dict>
                    <key>value</key>
                    <string>2929</string>
                </dict>
            </dict>
            <dict>
                <key>id</key>
                <string>5980</string>
                <key>Image</key>
                <dict>
                    <key>value</key>
                    <string>2929</string>
                </dict>
            </dict>
            <dict>
                <key>id</key>
                <string>5990</string>
                <key>Image</key>
                <dict>
                    <key>value</key>
                    <string>2929</string>
                </dict>
            </dict>
            <dict>
                <key>id</key>
                <string>6000</string>
                <key>Image</key>
                <dict>
                    <key>value</key>
                    <string>2929</string>
                </dict>
            </dict>
            <dict>
                <key>id</key>
                <string>6010</string>
                <key>Image</key>
                <dict>
                    <key>value</key>
                    <string>2929</string>
                </dict>
            </dict>
            <dict>
                <key>id</key>
                <string>6020</string>
                <key>Image</key>
                <dict>
                    <key>value</key>
                    <string>2929</string>
                </dict>
            </dict>
            <dict>
                <key>id</key>
                <string>6030</string>
                <key>Image</key>
                <dict>
                    <key>value</key>
                    <string>2929</string>
                </dict>
            </dict>
            <dict>
                <key>id</key>
                <string>6040</string>
                <key>Image</key>
                <dict>
                    <key>value</key>
                    <string>2929</string>
                </dict>
            </dict>
            <dict>
                <key>id</key>
                <string>6050</string>
                <key>Image</key>
                <dict>
                    <key>value</key>
                    <string>2929</string>
                </dict>
            </dict>
            <dict>
                <key>id</key>
                <string>6060</string>
                <key>Image</key>
                <dict>
                    <key>value</key>
                    <string>2929</string>
                </dict>
            </dict>
            <dict>
                <key>id</key>
                <string>6070</string>
                <key>Image</key>
                <dict>
                    <key>value</key>
                    <string>2929</string>
                </dict>
            </dict>
            <dict>
                <key>id</key>
                <string>6080</string>
                <key>Image</key>
                <dict>
                    <key>value</key>
                    <string>2929</string>
                </dict>
            </dict>
            <dict>
                <key>id</key>
                <string>6090</string>
                <key>Image</key>
                <dict>
                    <key>value</key>
                    <string>2929</string>
                </dict>
            </dict>
            <dict>
                <key>id</key>
                <string>6100</string>
                <key>Image</key>
                <dict>
                    <key>value</key>
                    <string>2929</string>
                </dict>
            </dict>
            <dict>
                <key>id</key>
                <string>6110</string>
                <key>Image</key>
                <dict>
                    <key>value</key>
                    <string>2929</string>
                </dict>
            </dict>
            <dict>
                <key>id</key>
                <string>6120</string>
                <key>Image</key>
                <dict>
                    <key>value</key>
                    <string>2929</string>
                </dict>
            </dict>
            <dict>
                <key>id</key>
                <string>6130</string>
                <key>Image</key>
                <dict>
                    <key>value</key>
                    <string>2929</string>
                </dict>
            </dict>
            <dict>
                <key>id</key>
                <string>6140</string>
                <key>Image</key>
                <dict>
                    <key>value</key>
                    <string>2929</string>
                </dict>
            </dict>
            <dict>
                <key>id</key>
                <string>6150</string>
                <key>Image</key>
                <dict>
                    <key>value</key>
                    <string>6146</string>
                </dict>
            </dict>
            <dict>
                <key>id</key>
                <string>6158</string>
                <key>Image</key>
                <dict>
                    <key>value</key>
                    <string>2929</string>
                </dict>
            </dict>
            <dict>
                <key>id</key>
                <string>6168</string>
                <key>Image</key>
                <dict>
                    <key>value</key>
                    <string>2929</string>
                </dict>
            </dict>
            <dict>
                <key>id</key>
                <string>6178</string>
                <key>Image</key>
                <dict>
                    <key>value</key>
                    <string>2929</string>
                </dict>
            </dict>
            <dict>
                <key>id</key>
                <string>6188</string>
                <key>Image</key>
                <dict>
                    <key>value</key>
                    <string>2929</string>
                </dict>
            </dict>
            <dict>
                <key>id</key>
                <string>6198</string>
                <key>Image</key>
                <dict>
                    <key>value</key>
                    <string>2929</string>
                </dict>
            </dict>
            <dict>
                <key>id</key>
                <string>6208</string>
                <key>Image</key>
                <dict>
                    <key>value</key>
                    <string>2929</string>
                </dict>
            </dict>
            <dict>
                <key>id</key>
                <string>6218</string>
                <key>Image</key>
                <dict>
                    <key>value</key>
                    <string>2929</string>
                </dict>
            </dict>
            <dict>
                <key>id</key>
                <string>6228</string>
                <key>Image</key>
                <dict>
                    <key>value</key>
                    <string>2929</string>
                </dict>
            </dict>
            <dict>
                <key>id</key>
                <string>6238</string>
                <key>Image</key>
                <dict>
                    <key>value</key>
                    <string>2929</string>
                </dict>
            </dict>
            <dict>
                <key>id</key>
                <string>6248</string>
                <key>Image</key>
                <dict>
                    <key>value</key>
                    <string>2929</string>
                </dict>
            </dict>
            <dict>
                <key>id</key>
                <string>6258</string>
                <key>Image</key>
                <dict>
                    <key>value</key>
                    <string>2929</string>
                </dict>
            </dict>
            <dict>
                <key>id</key>
                <string>6270</string>
                <key>Image</key>
                <dict>
                    <key>value</key>
                    <string>2929</string>
                </dict>
            </dict>
            <dict>
                <key>id</key>
                <string>6280</string>
                <key>Image</key>
                <dict>
                    <key>value</key>
                    <string>2929</string>
                </dict>
            </dict>
            <dict>
                <key>id</key>
                <string>6290</string>
                <key>Image</key>
                <dict>
                    <key>value</key>
                    <string>2929</string>
                </dict>
            </dict>
            <dict>
                <key>id</key>
                <string>6300</string>
                <key>Image</key>
                <dict>
                    <key>value</key>
                    <string>2929</string>
                </dict>
            </dict>
            <dict>
                <key>id</key>
                <string>6359</string>
                <key>Image</key>
                <dict>
                    <key>value</key>
                    <string>2929</string>
                </dict>
            </dict>
            <dict>
                <key>id</key>
                <string>6369</string>
                <key>Image</key>
                <dict>
                    <key>value</key>
                    <string>2929</string>
                </dict>
            </dict>
            <dict>
                <key>id</key>
                <string>6379</string>
                <key>Image</key>
                <dict>
                    <key>value</key>
                    <string>2929</string>
                </dict>
            </dict>
            <dict>
                <key>id</key>
                <string>6389</string>
                <key>Image</key>
                <dict>
                    <key>value</key>
                    <string>2929</string>
                </dict>
            </dict>
            <dict>
                <key>id</key>
                <string>6399</string>
                <key>Image</key>
                <dict>
                    <key>value</key>
                    <string>2929</string>
                </dict>
            </dict>
            <dict>
                <key>id</key>
                <string>6409</string>
                <key>Image</key>
                <dict>
                    <key>value</key>
                    <string>2929</string>
                </dict>
            </dict>
            <dict>
                <key>id</key>
                <string>6419</string>
                <key>Image</key>
                <dict>
                    <key>value</key>
                    <string>2929</string>
                </dict>
            </dict>
            <dict>
                <key>id</key>
                <string>6429</string>
                <key>Image</key>
                <dict>
                    <key>value</key>
                    <string>2929</string>
                </dict>
            </dict>
            <dict>
                <key>id</key>
                <string>6439</string>
                <key>Image</key>
                <dict>
                    <key>value</key>
                    <string>2929</string>
                </dict>
            </dict>
            <dict>
                <key>id</key>
                <string>6449</string>
                <key>Image</key>
                <dict>
                    <key>value</key>
                    <string>2929</string>
                </dict>
            </dict>
            <dict>
                <key>id</key>
                <string>6459</string>
                <key>Image</key>
                <dict>
                    <key>value</key>
                    <string>2929</string>
                </dict>
            </dict>
            <dict>
                <key>id</key>
                <string>6469</string>
                <key>Image</key>
                <dict>
                    <key>value</key>
                    <string>2929</string>
                </dict>
            </dict>
            <dict>
                <key>id</key>
                <string>6479</string>
                <key>Image</key>
                <dict>
                    <key>value</key>
                    <string>2929</string>
                </dict>
            </dict>
            <dict>
                <key>id</key>
                <string>6489</string>
                <key>Image</key>
                <dict>
                    <key>value</key>
                    <string>2929</string>
                </dict>
            </dict>
            <dict>
                <key>id</key>
                <string>6499</string>
                <key>Image</key>
                <dict>
                    <key>value</key>
                    <string>2929</string>
                </dict>
            </dict>
            <dict>
                <key>id</key>
                <string>6509</string>
                <key>Image</key>
                <dict>
                    <key>value</key>
                    <string>2929</string>
                </dict>
            </dict>
            <dict>
                <key>id</key>
                <string>6519</string>
                <key>Image</key>
                <dict>
                    <key>value</key>
                    <string>2929</string>
                </dict>
            </dict>
            <dict>
                <key>id</key>
                <string>6529</string>
                <key>Image</key>
                <dict>
                    <key>value</key>
                    <string>2929</string>
                </dict>
            </dict>
            <dict>
                <key>id</key>
                <string>6539</string>
                <key>Image</key>
                <dict>
                    <key>value</key>
                    <string>2929</string>
                </dict>
            </dict>
            <dict>
                <key>id</key>
                <string>6549</string>
                <key>Image</key>
                <dict>
                    <key>value</key>
                    <string>2929</string>
                </dict>
            </dict>
            <dict>
                <key>id</key>
                <string>6559</string>
                <key>Image</key>
                <dict>
                    <key>value</key>
                    <string>2929</string>
                </dict>
            </dict>
            <dict>
                <key>id</key>
                <string>6569</string>
                <key>Image</key>
                <dict>
                    <key>value</key>
                    <string>2929</string>
                </dict>
            </dict>
            <dict>
                <key>id</key>
                <string>6579</string>
                <key>Image</key>
                <dict>
                    <key>value</key>
                    <string>2929</string>
                </dict>
            </dict>
            <dict>
                <key>id</key>
                <string>6589</string>
                <key>Image</key>
                <dict>
                    <key>value</key>
                    <string>2929</string>
                </dict>
            </dict>
            <dict>
                <key>id</key>
                <string>6599</string>
                <key>Image</key>
                <dict>
                    <key>value</key>
                    <string>2929</string>
                </dict>
            </dict>
            <dict>
                <key>id</key>
                <string>6609</string>
                <key>Image</key>
                <dict>
                    <key>value</key>
                    <string>2929</string>
                </dict>
            </dict>
            <dict>
                <key>id</key>
                <string>6783</string>
                <key>Image</key>
                <dict>
                    <key>value</key>
                    <string>2929</string>
                </dict>
            </dict>
            <dict>
                <key>id</key>
                <string>6821</string>
                <key>Image</key>
                <dict>
                    <key>value</key>
                    <string>6816</string>
                </dict>
            </dict>
            <dict>
                <key>id</key>
                <string>6967</string>
                <key>Image</key>
                <dict>
                    <key>value</key>
                    <string>2929</string>
                </dict>
            </dict>
            <dict>
                <key>id</key>
                <string>6977</string>
                <key>Image</key>
                <dict>
                    <key>value</key>
                    <string>2929</string>
                </dict>
            </dict>
            <dict>
                <key>id</key>
                <string>6987</string>
                <key>Image</key>
                <dict>
                    <key>value</key>
                    <string>2929</string>
                </dict>
            </dict>
            <dict>
                <key>id</key>
                <string>7000</string>
                <key>Image</key>
                <dict>
                    <key>value</key>
                    <string>6995</string>
                </dict>
            </dict>
            <dict>
                <key>id</key>
                <string>7079</string>
                <key>Image</key>
                <dict>
                    <key>value</key>
                    <string>2929</string>
                </dict>
            </dict>
            <dict>
                <key>id</key>
                <string>7089</string>
                <key>Image</key>
                <dict>
                    <key>value</key>
                    <string>2929</string>
                </dict>
            </dict>
        </array>
    </dict>
</plist>
