<?xml version="1.0" encoding="UTF-8"?>
<!DOCTYPE plist PUBLIC "-//Apple//DTD PLIST 1.0//EN" "http://www.apple.com/DTDs/PropertyList-1.0.dtd"/>

<plist version="1.0">
    <dict>
        <key>ROOT</key>
        <array>
            <dict>
                <key>id</key>
                <string>341</string>
                <key>sprites</key>
                <array>
                    <string>342</string>
                </array>
            </dict>
            <dict>
                <key>id</key>
                <string>441</string>
                <key>sprites</key>
                <array>
                    <string>442</string>
                </array>
            </dict>
            <dict>
                <key>id</key>
                <string>991</string>
                <key>sprites</key>
                <array>
                    <string>992</string>
                </array>
            </dict>
            <dict>
                <key>id</key>
                <string>1042</string>
                <key>sprites</key>
                <array>
                    <string>1043</string>
                </array>
            </dict>
            <dict>
                <key>id</key>
                <string>1050</string>
                <key>sprites</key>
                <array>
                    <string>1051</string>
                </array>
            </dict>
            <dict>
                <key>id</key>
                <string>1186</string>
                <key>sprites</key>
                <array>
                    <string>1187</string>
                </array>
            </dict>
            <dict>
                <key>id</key>
                <string>1571</string>
                <key>sprites</key>
                <array>
                    <string>1572</string>
                </array>
            </dict>
            <dict>
                <key>id</key>
                <string>1580</string>
                <key>sprites</key>
                <array>
                    <string>1581</string>
                </array>
            </dict>
            <dict>
                <key>id</key>
                <string>1742</string>
                <key>sprites</key>
                <array>
                    <string>1743</string>
                </array>
            </dict>
            <dict>
                <key>id</key>
                <string>1748</string>
                <key>sprites</key>
                <array>
                    <string>1749</string>
                </array>
            </dict>
            <dict>
                <key>id</key>
                <string>1751</string>
                <key>sprites</key>
                <array>
                    <string>1752</string>
                </array>
            </dict>
            <dict>
                <key>id</key>
                <string>1764</string>
                <key>sprites</key>
                <array>
                    <string>1765</string>
                </array>
            </dict>
            <dict>
                <key>id</key>
                <string>1766</string>
                <key>sprites</key>
                <array>
                    <string>1767</string>
                </array>
            </dict>
            <dict>
                <key>id</key>
                <string>1773</string>
                <key>sprites</key>
                <array>
                    <string>1774</string>
                </array>
            </dict>
            <dict>
                <key>id</key>
                <string>1779</string>
                <key>sprites</key>
                <array>
                    <string>1780</string>
                </array>
            </dict>
            <dict>
                <key>id</key>
                <string>1785</string>
                <key>sprites</key>
                <array>
                    <string>1786</string>
                </array>
            </dict>
            <dict>
                <key>id</key>
                <string>1788</string>
                <key>sprites</key>
                <array>
                    <string>1789</string>
                </array>
            </dict>
            <dict>
                <key>id</key>
                <string>1791</string>
                <key>sprites</key>
                <array>
                    <string>1792</string>
                </array>
            </dict>
            <dict>
                <key>id</key>
                <string>1794</string>
                <key>sprites</key>
                <array>
                    <string>1795</string>
                </array>
            </dict>
            <dict>
                <key>id</key>
                <string>1801</string>
                <key>sprites</key>
                <array>
                    <string>1802</string>
                </array>
            </dict>
            <dict>
                <key>id</key>
                <string>1804</string>
                <key>sprites</key>
                <array>
                    <string>1805</string>
                </array>
            </dict>
            <dict>
                <key>id</key>
                <string>1832</string>
                <key>sprites</key>
                <array>
                    <string>1833</string>
                </array>
            </dict>
            <dict>
                <key>id</key>
                <string>1835</string>
                <key>sprites</key>
                <array>
                    <string>1836</string>
                </array>
            </dict>
            <dict>
                <key>id</key>
                <string>1854</string>
                <key>sprites</key>
                <array>
                    <string>1855</string>
                </array>
            </dict>
            <dict>
                <key>id</key>
                <string>1858</string>
                <key>sprites</key>
                <array>
                    <string>1859</string>
                </array>
            </dict>
            <dict>
                <key>id</key>
                <string>1932</string>
                <key>sprites</key>
                <array>
                    <string>1933</string>
                    <string>1934</string>
                    <string>1935</string>
                    <string>1936</string>
                    <string>1938</string>
                    <string>1939</string>
                    <string>1940</string>
                    <string>1941</string>
                    <string>1942</string>
                    <string>1943</string>
                    <string>1944</string>
                    <string>1945</string>
                    <string>1946</string>
                    <string>1947</string>
                    <string>1948</string>
                    <string>1949</string>
                    <string>1950</string>
                    <string>1951</string>
                    <string>1952</string>
                    <string>1953</string>
                    <string>1954</string>
                    <string>1955</string>
                    <string>1956</string>
                    <string>1957</string>
                    <string>1958</string>
                    <string>1959</string>
                    <string>1961</string>
                    <string>1962</string>
                    <string>1963</string>
                    <string>1964</string>
                    <string>1965</string>
                </array>
            </dict>
            <dict>
                <key>id</key>
                <string>2015</string>
                <key>sprites</key>
                <array>
                    <string>2016</string>
                    <string>2017</string>
                    <string>2018</string>
                    <string>2019</string>
                    <string>2020</string>
                    <string>2021</string>
                    <string>2022</string>
                    <string>2023</string>
                    <string>2024</string>
                    <string>2025</string>
                </array>
            </dict>
            <dict>
                <key>id</key>
                <string>2058</string>
                <key>sprites</key>
                <array>
                    <string>2059</string>
                    <string>2060</string>
                    <string>2061</string>
                    <string>2062</string>
                    <string>2063</string>
                    <string>2064</string>
                    <string>2065</string>
                    <string>2066</string>
                    <string>2067</string>
                    <string>2068</string>
                </array>
            </dict>
            <dict>
                <key>id</key>
                <string>2084</string>
                <key>sprites</key>
                <array>
                    <string>2085</string>
                    <string>2086</string>
                    <string>2087</string>
                    <string>2088</string>
                    <string>2089</string>
                    <string>2090</string>
                    <string>2092</string>
                    <string>2093</string>
                    <string>2094</string>
                    <string>2095</string>
                </array>
            </dict>
            <dict>
                <key>id</key>
                <string>2120</string>
                <key>sprites</key>
                <array>
                    <string>2121</string>
                </array>
            </dict>
            <dict>
                <key>id</key>
                <string>2680</string>
                <key>sprites</key>
                <array>
                    <string>2681</string>
                </array>
            </dict>
            <dict>
                <key>id</key>
                <string>2706</string>
                <key>sprites</key>
                <array>
                    <string>2707</string>
                </array>
            </dict>
            <dict>
                <key>id</key>
                <string>2778</string>
                <key>sprites</key>
                <array>
                    <string>2779</string>
                    <string>2780</string>
                    <string>2781</string>
                    <string>2782</string>
                    <string>2783</string>
                    <string>2784</string>
                    <string>2785</string>
                    <string>2786</string>
                    <string>2787</string>
                    <string>2788</string>
                    <string>2789</string>
                    <string>2790</string>
                    <string>2791</string>
                    <string>2792</string>
                </array>
            </dict>
            <dict>
                <key>id</key>
                <string>2831</string>
                <key>sprites</key>
                <array>
                    <string>2832</string>
                </array>
            </dict>
            <dict>
                <key>id</key>
                <string>2929</string>
                <key>sprites</key>
                <array>
                    <string>2930</string>
                </array>
            </dict>
            <dict>
                <key>id</key>
                <string>2945</string>
                <key>sprites</key>
                <array>
                    <string>2946</string>
                </array>
            </dict>
            <dict>
                <key>id</key>
                <string>3142</string>
                <key>sprites</key>
                <array>
                    <string>3143</string>
                </array>
            </dict>
            <dict>
                <key>id</key>
                <string>3169</string>
                <key>sprites</key>
                <array>
                    <string>3170</string>
                </array>
            </dict>
            <dict>
                <key>id</key>
                <string>3267</string>
                <key>sprites</key>
                <array>
                    <string>3268</string>
                </array>
            </dict>
            <dict>
                <key>id</key>
                <string>3444</string>
                <key>sprites</key>
                <array>
                    <string>3445</string>
                </array>
            </dict>
            <dict>
                <key>id</key>
                <string>3506</string>
                <key>sprites</key>
                <array>
                    <string>3507</string>
                    <string>3508</string>
                    <string>3509</string>
                    <string>3510</string>
                    <string>3511</string>
                    <string>3512</string>
                    <string>3513</string>
                    <string>3514</string>
                    <string>3515</string>
                </array>
            </dict>
            <dict>
                <key>id</key>
                <string>3535</string>
                <key>sprites</key>
                <array>
                    <string>3536</string>
                </array>
            </dict>
            <dict>
                <key>id</key>
                <string>3546</string>
                <key>sprites</key>
                <array>
                    <string>3547</string>
                </array>
            </dict>
            <dict>
                <key>id</key>
                <string>3557</string>
                <key>sprites</key>
                <array>
                    <string>3558</string>
                </array>
            </dict>
            <dict>
                <key>id</key>
                <string>3568</string>
                <key>sprites</key>
                <array>
                    <string>3569</string>
                </array>
            </dict>
            <dict>
                <key>id</key>
                <string>3579</string>
                <key>sprites</key>
                <array>
                    <string>3580</string>
                </array>
            </dict>
            <dict>
                <key>id</key>
                <string>3594</string>
                <key>sprites</key>
                <array>
                    <string>3595</string>
                </array>
            </dict>
            <dict>
                <key>id</key>
                <string>3677</string>
                <key>sprites</key>
                <array>
                    <string>3678</string>
                    <string>3679</string>
                    <string>3680</string>
                    <string>3681</string>
                    <string>3682</string>
                    <string>3683</string>
                </array>
            </dict>
            <dict>
                <key>id</key>
                <string>3858</string>
                <key>sprites</key>
                <array>
                    <string>3859</string>
                </array>
            </dict>
            <dict>
                <key>id</key>
                <string>3863</string>
                <key>sprites</key>
                <array>
                    <string>3864</string>
                </array>
            </dict>
            <dict>
                <key>id</key>
                <string>3869</string>
                <key>sprites</key>
                <array>
                    <string>3870</string>
                    <string>3871</string>
                    <string>3872</string>
                    <string>3873</string>
                    <string>3874</string>
                    <string>3875</string>
                </array>
            </dict>
            <dict>
                <key>id</key>
                <string>3938</string>
                <key>sprites</key>
                <array>
                    <string>3939</string>
                </array>
            </dict>
            <dict>
                <key>id</key>
                <string>3944</string>
                <key>sprites</key>
                <array>
                    <string>3945</string>
                </array>
            </dict>
            <dict>
                <key>id</key>
                <string>3950</string>
                <key>sprites</key>
                <array>
                    <string>3951</string>
                </array>
            </dict>
            <dict>
                <key>id</key>
                <string>4022</string>
                <key>sprites</key>
                <array>
                    <string>4023</string>
                </array>
            </dict>
            <dict>
                <key>id</key>
                <string>5093</string>
                <key>sprites</key>
                <array>
                    <string>5094</string>
                </array>
            </dict>
            <dict>
                <key>id</key>
                <string>5136</string>
                <key>sprites</key>
                <array>
                    <string>5137</string>
                </array>
            </dict>
            <dict>
                <key>id</key>
                <string>5499</string>
                <key>sprites</key>
                <array>
                    <string>5500</string>
                </array>
            </dict>
            <dict>
                <key>id</key>
                <string>5709</string>
                <key>sprites</key>
                <array>
                    <string>5710</string>
                </array>
            </dict>
            <dict>
                <key>id</key>
                <string>5722</string>
                <key>sprites</key>
                <array>
                    <string>5723</string>
                </array>
            </dict>
            <dict>
                <key>id</key>
                <string>5728</string>
                <key>sprites</key>
                <array>
                    <string>5729</string>
                </array>
            </dict>
            <dict>
                <key>id</key>
                <string>5734</string>
                <key>sprites</key>
                <array>
                    <string>5735</string>
                </array>
            </dict>
            <dict>
                <key>id</key>
                <string>5738</string>
                <key>sprites</key>
                <array>
                    <string>5739</string>
                </array>
            </dict>
            <dict>
                <key>id</key>
                <string>5744</string>
                <key>sprites</key>
                <array>
                    <string>5745</string>
                </array>
            </dict>
            <dict>
                <key>id</key>
                <string>6146</string>
                <key>sprites</key>
                <array>
                    <string>6147</string>
                </array>
            </dict>
            <dict>
                <key>id</key>
                <string>6759</string>
                <key>sprites</key>
                <array>
                    <string>6760</string>
                </array>
            </dict>
            <dict>
                <key>id</key>
                <string>6816</string>
                <key>sprites</key>
                <array>
                    <string>6817</string>
                </array>
            </dict>
            <dict>
                <key>id</key>
                <string>6907</string>
                <key>sprites</key>
                <array>
                    <string>6908</string>
                </array>
            </dict>
            <dict>
                <key>id</key>
                <string>6995</string>
                <key>sprites</key>
                <array>
                    <string>6996</string>
                </array>
            </dict>
        </array>
    </dict>
</plist>
