<?xml version="1.0" encoding="UTF-8"?>
<!DOCTYPE plist PUBLIC "-//Apple//DTD PLIST 1.0//EN" "http://www.apple.com/DTDs/PropertyList-1.0.dtd"/>

<plist version="1.0">
    <dict>
        <key>ROOT</key>
        <array>
            <dict>
                <key>id</key>
                <string>426</string>
            </dict>
            <dict>
                <key>id</key>
                <string>429</string>
            </dict>
            <dict>
                <key>id</key>
                <string>461</string>
            </dict>
            <dict>
                <key>id</key>
                <string>463</string>
            </dict>
            <dict>
                <key>id</key>
                <string>475</string>
            </dict>
            <dict>
                <key>id</key>
                <string>499</string>
            </dict>
            <dict>
                <key>id</key>
                <string>513</string>
            </dict>
            <dict>
                <key>id</key>
                <string>515</string>
            </dict>
            <dict>
                <key>id</key>
                <string>594</string>
            </dict>
            <dict>
                <key>id</key>
                <string>596</string>
            </dict>
            <dict>
                <key>id</key>
                <string>605</string>
            </dict>
            <dict>
                <key>id</key>
                <string>610</string>
            </dict>
            <dict>
                <key>id</key>
                <string>641</string>
            </dict>
            <dict>
                <key>id</key>
                <string>755</string>
            </dict>
            <dict>
                <key>id</key>
                <string>935</string>
            </dict>
            <dict>
                <key>id</key>
                <string>1035</string>
            </dict>
            <dict>
                <key>id</key>
                <string>1110</string>
            </dict>
            <dict>
                <key>id</key>
                <string>1113</string>
            </dict>
            <dict>
                <key>id</key>
                <string>1133</string>
            </dict>
            <dict>
                <key>id</key>
                <string>1154</string>
            </dict>
            <dict>
                <key>id</key>
                <string>1288</string>
            </dict>
            <dict>
                <key>id</key>
                <string>1290</string>
            </dict>
            <dict>
                <key>id</key>
                <string>1295</string>
            </dict>
            <dict>
                <key>id</key>
                <string>1299</string>
            </dict>
            <dict>
                <key>id</key>
                <string>1305</string>
            </dict>
            <dict>
                <key>id</key>
                <string>1306</string>
            </dict>
            <dict>
                <key>id</key>
                <string>1308</string>
            </dict>
            <dict>
                <key>id</key>
                <string>1316</string>
            </dict>
            <dict>
                <key>id</key>
                <string>3969</string>
            </dict>
            <dict>
                <key>id</key>
                <string>3972</string>
            </dict>
        </array>
    </dict>
</plist>
