<?xml version="1.0" encoding="UTF-8"?>
<!DOCTYPE plist PUBLIC "-//Apple//DTD PLIST 1.0//EN" "http://www.apple.com/DTDs/PropertyList-1.0.dtd"/>

<plist version="1.0">
    <dict>
        <key>ROOT</key>
        <array>
            <dict>
                <key>id</key>
                <string>103</string>
                <key>children</key>
                <array>
                    <string>217</string>
                    <string>429</string>
                    <string>515</string>
                    <string>605</string>
                    <string>610</string>
                    <string>641</string>
                </array>
                <key>childLinkers</key>
                <array/>
            </dict>
            <dict>
                <key>id</key>
                <string>1815</string>
                <key>children</key>
                <array>
                    <string>3449</string>
                    <string>3451</string>
                    <string>3453</string>
                    <string>3455</string>
                    <string>3457</string>
                    <string>3459</string>
                    <string>3461</string>
                    <string>3463</string>
                    <string>3465</string>
                    <string>3468</string>
                    <string>6743</string>
                    <string>6746</string>
                    <string>7011</string>
                    <string>7013</string>
                    <string>7015</string>
                    <string>7017</string>
                </array>
                <key>childLinkers</key>
                <array/>
            </dict>
            <dict>
                <key>id</key>
                <string>1395</string>
                <key>children</key>
                <array>
                    <string>1868</string>
                    <string>1870</string>
                    <string>1872</string>
                    <string>1874</string>
                    <string>1876</string>
                    <string>1878</string>
                    <string>1880</string>
                    <string>1882</string>
                    <string>1884</string>
                    <string>1905</string>
                    <string>2130</string>
                    <string>3692</string>
                    <string>3694</string>
                    <string>3696</string>
                    <string>3698</string>
                </array>
                <key>childLinkers</key>
                <array/>
            </dict>
            <dict>
                <key>id</key>
                <string>6615</string>
                <key>children</key>
                <array>
                    <string>6618</string>
                    <string>6620</string>
                    <string>6622</string>
                    <string>6624</string>
                    <string>6626</string>
                    <string>6628</string>
                    <string>6630</string>
                    <string>6632</string>
                    <string>6634</string>
                    <string>6749</string>
                    <string>6764</string>
                    <string>6770</string>
                    <string>6776</string>
                    <string>6792</string>
                    <string>6798</string>
                    <string>7020</string>
                </array>
                <key>childLinkers</key>
                <array/>
            </dict>
            <dict>
                <key>id</key>
                <string>1407</string>
                <key>children</key>
                <array>
                    <string>2142</string>
                    <string>2144</string>
                    <string>2146</string>
                    <string>2150</string>
                    <string>2154</string>
                    <string>2156</string>
                    <string>2158</string>
                    <string>2293</string>
                    <string>2322</string>
                    <string>2328</string>
                    <string>2334</string>
                    <string>2340</string>
                    <string>2346</string>
                    <string>2352</string>
                    <string>2358</string>
                    <string>2364</string>
                    <string>2370</string>
                    <string>2376</string>
                    <string>2382</string>
                    <string>2388</string>
                    <string>2394</string>
                    <string>2400</string>
                    <string>2406</string>
                    <string>2412</string>
                    <string>2418</string>
                    <string>2716</string>
                    <string>2718</string>
                    <string>2722</string>
                    <string>2728</string>
                    <string>2734</string>
                    <string>2740</string>
                    <string>2746</string>
                    <string>2752</string>
                    <string>3701</string>
                    <string>3703</string>
                    <string>3705</string>
                </array>
                <key>childLinkers</key>
                <array/>
            </dict>
            <dict>
                <key>id</key>
                <string>6635</string>
                <key>children</key>
                <array>
                    <string>6638</string>
                    <string>6646</string>
                    <string>6648</string>
                    <string>6650</string>
                    <string>6652</string>
                    <string>6654</string>
                    <string>6807</string>
                    <string>6813</string>
                    <string>6815</string>
                    <string>6826</string>
                    <string>6831</string>
                    <string>6833</string>
                    <string>6836</string>
                    <string>6839</string>
                    <string>6842</string>
                    <string>7023</string>
                    <string>7025</string>
                    <string>7027</string>
                    <string>7029</string>
                    <string>7031</string>
                    <string>7033</string>
                </array>
                <key>childLinkers</key>
                <array/>
            </dict>
            <dict>
                <key>id</key>
                <string>6658</string>
                <key>children</key>
                <array>
                    <string>6661</string>
                    <string>6663</string>
                    <string>6852</string>
                    <string>6875</string>
                    <string>6877</string>
                    <string>6879</string>
                    <string>6881</string>
                    <string>6883</string>
                    <string>6885</string>
                    <string>6888</string>
                    <string>6890</string>
                    <string>6892</string>
                    <string>7036</string>
                    <string>7038</string>
                    <string>7040</string>
                </array>
                <key>childLinkers</key>
                <array/>
            </dict>
            <dict>
                <key>id</key>
                <string>2161</string>
                <key>children</key>
                <array>
                    <string>2164</string>
                    <string>2166</string>
                    <string>2178</string>
                    <string>2180</string>
                    <string>2429</string>
                    <string>2443</string>
                    <string>2449</string>
                    <string>2455</string>
                    <string>2461</string>
                    <string>2467</string>
                    <string>2473</string>
                    <string>2479</string>
                    <string>2485</string>
                    <string>2491</string>
                    <string>2497</string>
                    <string>2503</string>
                    <string>2509</string>
                    <string>2515</string>
                    <string>2521</string>
                    <string>2527</string>
                    <string>2533</string>
                    <string>2539</string>
                    <string>2545</string>
                    <string>2801</string>
                    <string>2815</string>
                    <string>2817</string>
                    <string>2819</string>
                    <string>2821</string>
                    <string>2841</string>
                    <string>2849</string>
                    <string>2853</string>
                    <string>2857</string>
                    <string>2859</string>
                    <string>2861</string>
                    <string>2863</string>
                    <string>2867</string>
                    <string>2871</string>
                    <string>2875</string>
                    <string>2879</string>
                    <string>2881</string>
                    <string>2889</string>
                    <string>3708</string>
                    <string>3710</string>
                    <string>3712</string>
                    <string>5954</string>
                </array>
                <key>childLinkers</key>
                <array>
                    <string>2902</string>
                    <string>2903</string>
                    <string>2904</string>
                    <string>2905</string>
                    <string>2906</string>
                    <string>2907</string>
                    <string>2908</string>
                    <string>2909</string>
                    <string>2910</string>
                    <string>2911</string>
                </array>
            </dict>
            <dict>
                <key>id</key>
                <string>6678</string>
                <key>children</key>
                <array>
                    <string>6681</string>
                    <string>6683</string>
                    <string>6685</string>
                    <string>6689</string>
                    <string>6691</string>
                    <string>6695</string>
                    <string>6898</string>
                    <string>6903</string>
                    <string>6912</string>
                    <string>6936</string>
                    <string>6942</string>
                    <string>6948</string>
                    <string>6954</string>
                    <string>6960</string>
                    <string>6994</string>
                    <string>7043</string>
                    <string>7045</string>
                    <string>7047</string>
                    <string>7049</string>
                    <string>7051</string>
                    <string>7053</string>
                    <string>7055</string>
                    <string>7057</string>
                    <string>7059</string>
                </array>
                <key>childLinkers</key>
                <array/>
            </dict>
            <dict>
                <key>id</key>
                <string>1249</string>
                <key>children</key>
                <array>
                    <string>1251</string>
                </array>
                <key>childLinkers</key>
                <array/>
            </dict>
            <dict>
                <key>id</key>
                <string>6698</string>
                <key>children</key>
                <array>
                    <string>6701</string>
                    <string>6703</string>
                    <string>6705</string>
                    <string>6707</string>
                    <string>6709</string>
                    <string>6711</string>
                    <string>6713</string>
                    <string>6715</string>
                    <string>6717</string>
                    <string>7005</string>
                    <string>7008</string>
                    <string>7062</string>
                    <string>7064</string>
                    <string>7066</string>
                    <string>7068</string>
                </array>
                <key>childLinkers</key>
                <array/>
            </dict>
            <dict>
                <key>id</key>
                <string>2181</string>
                <key>children</key>
                <array>
                    <string>2184</string>
                    <string>2186</string>
                    <string>2188</string>
                    <string>2190</string>
                    <string>2192</string>
                    <string>2194</string>
                    <string>2196</string>
                    <string>2198</string>
                    <string>2200</string>
                    <string>2955</string>
                    <string>2960</string>
                    <string>2962</string>
                    <string>2964</string>
                    <string>2966</string>
                    <string>2968</string>
                    <string>2976</string>
                    <string>2978</string>
                    <string>2980</string>
                    <string>2982</string>
                    <string>2984</string>
                    <string>2989</string>
                    <string>3001</string>
                    <string>3033</string>
                    <string>3095</string>
                    <string>3715</string>
                    <string>3717</string>
                    <string>3719</string>
                    <string>3722</string>
                    <string>3724</string>
                    <string>3726</string>
                </array>
                <key>childLinkers</key>
                <array/>
            </dict>
            <dict>
                <key>id</key>
                <string>6721</string>
                <key>children</key>
                <array>
                    <string>6724</string>
                    <string>6726</string>
                    <string>6728</string>
                    <string>6730</string>
                    <string>6732</string>
                    <string>6734</string>
                    <string>6736</string>
                    <string>6738</string>
                    <string>6740</string>
                    <string>7073</string>
                </array>
                <key>childLinkers</key>
                <array/>
            </dict>
            <dict>
                <key>id</key>
                <string>2221</string>
                <key>children</key>
                <array>
                    <string>2224</string>
                    <string>2226</string>
                    <string>2228</string>
                    <string>2230</string>
                    <string>2232</string>
                    <string>2234</string>
                    <string>2236</string>
                    <string>2238</string>
                    <string>2240</string>
                    <string>3152</string>
                    <string>3165</string>
                    <string>3174</string>
                    <string>3185</string>
                    <string>3191</string>
                    <string>3197</string>
                    <string>3222</string>
                    <string>3228</string>
                    <string>3234</string>
                    <string>3240</string>
                    <string>3246</string>
                    <string>3729</string>
                    <string>3735</string>
                    <string>3737</string>
                    <string>3739</string>
                    <string>3741</string>
                    <string>3743</string>
                </array>
                <key>childLinkers</key>
                <array/>
            </dict>
            <dict>
                <key>id</key>
                <string>2201</string>
                <key>children</key>
                <array>
                    <string>2204</string>
                    <string>2220</string>
                    <string>2550</string>
                    <string>2552</string>
                    <string>2554</string>
                    <string>2558</string>
                    <string>2562</string>
                    <string>2573</string>
                    <string>2626</string>
                    <string>2632</string>
                    <string>2638</string>
                    <string>2653</string>
                    <string>2659</string>
                    <string>2694</string>
                    <string>2696</string>
                    <string>3760</string>
                </array>
                <key>childLinkers</key>
                <array/>
            </dict>
            <dict>
                <key>id</key>
                <string>2241</string>
                <key>children</key>
                <array>
                    <string>2244</string>
                    <string>2246</string>
                    <string>2248</string>
                    <string>2250</string>
                    <string>2252</string>
                    <string>2254</string>
                    <string>2256</string>
                    <string>2258</string>
                    <string>2260</string>
                    <string>3277</string>
                    <string>3384</string>
                    <string>3763</string>
                </array>
                <key>childLinkers</key>
                <array/>
            </dict>
            <dict>
                <key>id</key>
                <string>104</string>
                <key>children</key>
                <array>
                    <string>394</string>
                    <string>426</string>
                    <string>463</string>
                    <string>475</string>
                    <string>484</string>
                    <string>499</string>
                    <string>582</string>
                    <string>594</string>
                    <string>596</string>
                    <string>755</string>
                    <string>935</string>
                    <string>951</string>
                </array>
                <key>childLinkers</key>
                <array/>
            </dict>
            <dict>
                <key>id</key>
                <string>3416</string>
                <key>children</key>
                <array>
                    <string>3419</string>
                    <string>3421</string>
                    <string>3423</string>
                    <string>3425</string>
                    <string>3427</string>
                    <string>3429</string>
                    <string>3431</string>
                    <string>3433</string>
                    <string>3435</string>
                    <string>3545</string>
                    <string>3556</string>
                    <string>3567</string>
                    <string>3578</string>
                    <string>3589</string>
                    <string>3591</string>
                    <string>3593</string>
                    <string>3604</string>
                </array>
                <key>childLinkers</key>
                <array/>
            </dict>
            <dict>
                <key>id</key>
                <string>5010</string>
                <key>children</key>
                <array>
                    <string>5013</string>
                    <string>5015</string>
                    <string>5017</string>
                    <string>5019</string>
                    <string>5021</string>
                    <string>5023</string>
                    <string>5025</string>
                    <string>5027</string>
                    <string>5029</string>
                    <string>5032</string>
                    <string>5035</string>
                    <string>5048</string>
                    <string>5050</string>
                    <string>5052</string>
                    <string>5054</string>
                    <string>5056</string>
                </array>
                <key>childLinkers</key>
                <array/>
            </dict>
            <dict>
                <key>id</key>
                <string>5067</string>
                <key>children</key>
                <array>
                    <string>5070</string>
                    <string>5072</string>
                    <string>5074</string>
                    <string>5076</string>
                    <string>5078</string>
                    <string>5080</string>
                    <string>5082</string>
                    <string>5084</string>
                    <string>5086</string>
                    <string>5089</string>
                    <string>5092</string>
                    <string>5103</string>
                    <string>5106</string>
                    <string>5108</string>
                    <string>5110</string>
                    <string>5112</string>
                </array>
                <key>childLinkers</key>
                <array/>
            </dict>
            <dict>
                <key>id</key>
                <string>938</string>
                <key>children</key>
                <array>
                    <string>1113</string>
                </array>
                <key>childLinkers</key>
                <array/>
            </dict>
            <dict>
                <key>id</key>
                <string>5113</string>
                <key>children</key>
                <array>
                    <string>5116</string>
                    <string>5118</string>
                    <string>5120</string>
                    <string>5122</string>
                    <string>5124</string>
                    <string>5126</string>
                    <string>5128</string>
                    <string>5130</string>
                    <string>5132</string>
                    <string>5141</string>
                    <string>5147</string>
                    <string>5153</string>
                    <string>5159</string>
                    <string>5165</string>
                    <string>5171</string>
                    <string>5177</string>
                    <string>5183</string>
                    <string>5189</string>
                    <string>5195</string>
                    <string>5201</string>
                    <string>5213</string>
                    <string>5219</string>
                    <string>5225</string>
                    <string>5231</string>
                    <string>5237</string>
                    <string>5243</string>
                    <string>5249</string>
                    <string>5297</string>
                    <string>5509</string>
                    <string>5514</string>
                    <string>5520</string>
                    <string>5705</string>
                    <string>6353</string>
                </array>
                <key>childLinkers</key>
                <array/>
            </dict>
            <dict>
                <key>id</key>
                <string>939</string>
                <key>children</key>
                <array>
                    <string>1017</string>
                    <string>1035</string>
                    <string>1047</string>
                    <string>1133</string>
                    <string>1154</string>
                </array>
                <key>childLinkers</key>
                <array/>
            </dict>
        </array>
    </dict>
</plist>
