<?xml version="1.0" encoding="UTF-8"?>
<!DOCTYPE plist PUBLIC "-//Apple//DTD PLIST 1.0//EN" "http://www.apple.com/DTDs/PropertyList-1.0.dtd"/>

<plist version="1.0">
    <dict>
        <key>ROOT</key>
        <array>
            <dict>
                <key>id</key>
                <string>2010</string>
            </dict>
            <dict>
                <key>id</key>
                <string>2048</string>
            </dict>
            <dict>
                <key>id</key>
                <string>2057</string>
            </dict>
            <dict>
                <key>id</key>
                <string>2119</string>
            </dict>
            <dict>
                <key>id</key>
                <string>2139</string>
            </dict>
            <dict>
                <key>id</key>
                <string>2275</string>
            </dict>
            <dict>
                <key>id</key>
                <string>2601</string>
            </dict>
            <dict>
                <key>id</key>
                <string>2649</string>
            </dict>
            <dict>
                <key>id</key>
                <string>2670</string>
            </dict>
            <dict>
                <key>id</key>
                <string>2679</string>
            </dict>
            <dict>
                <key>id</key>
                <string>2705</string>
            </dict>
            <dict>
                <key>id</key>
                <string>2763</string>
            </dict>
            <dict>
                <key>id</key>
                <string>2772</string>
            </dict>
            <dict>
                <key>id</key>
                <string>2830</string>
            </dict>
            <dict>
                <key>id</key>
                <string>2920</string>
            </dict>
            <dict>
                <key>id</key>
                <string>2944</string>
            </dict>
            <dict>
                <key>id</key>
                <string>3017</string>
            </dict>
            <dict>
                <key>id</key>
                <string>3026</string>
            </dict>
            <dict>
                <key>id</key>
                <string>3043</string>
            </dict>
            <dict>
                <key>id</key>
                <string>3052</string>
            </dict>
            <dict>
                <key>id</key>
                <string>3061</string>
            </dict>
            <dict>
                <key>id</key>
                <string>3070</string>
            </dict>
            <dict>
                <key>id</key>
                <string>3079</string>
            </dict>
            <dict>
                <key>id</key>
                <string>3088</string>
            </dict>
            <dict>
                <key>id</key>
                <string>3105</string>
            </dict>
            <dict>
                <key>id</key>
                <string>3114</string>
            </dict>
            <dict>
                <key>id</key>
                <string>3123</string>
            </dict>
            <dict>
                <key>id</key>
                <string>3132</string>
            </dict>
            <dict>
                <key>id</key>
                <string>3141</string>
            </dict>
            <dict>
                <key>id</key>
                <string>3257</string>
            </dict>
            <dict>
                <key>id</key>
                <string>3266</string>
            </dict>
            <dict>
                <key>id</key>
                <string>3300</string>
            </dict>
            <dict>
                <key>id</key>
                <string>3309</string>
            </dict>
            <dict>
                <key>id</key>
                <string>3318</string>
            </dict>
            <dict>
                <key>id</key>
                <string>3328</string>
            </dict>
            <dict>
                <key>id</key>
                <string>3337</string>
            </dict>
            <dict>
                <key>id</key>
                <string>3346</string>
            </dict>
            <dict>
                <key>id</key>
                <string>3355</string>
            </dict>
            <dict>
                <key>id</key>
                <string>3364</string>
            </dict>
            <dict>
                <key>id</key>
                <string>3373</string>
            </dict>
            <dict>
                <key>id</key>
                <string>3397</string>
            </dict>
            <dict>
                <key>id</key>
                <string>3406</string>
            </dict>
            <dict>
                <key>id</key>
                <string>3415</string>
            </dict>
            <dict>
                <key>id</key>
                <string>3478</string>
            </dict>
            <dict>
                <key>id</key>
                <string>3487</string>
            </dict>
            <dict>
                <key>id</key>
                <string>3496</string>
            </dict>
            <dict>
                <key>id</key>
                <string>3505</string>
            </dict>
            <dict>
                <key>id</key>
                <string>3533</string>
            </dict>
            <dict>
                <key>id</key>
                <string>3613</string>
            </dict>
            <dict>
                <key>id</key>
                <string>3622</string>
            </dict>
            <dict>
                <key>id</key>
                <string>3631</string>
            </dict>
            <dict>
                <key>id</key>
                <string>3640</string>
            </dict>
            <dict>
                <key>id</key>
                <string>3649</string>
            </dict>
            <dict>
                <key>id</key>
                <string>3658</string>
            </dict>
            <dict>
                <key>id</key>
                <string>3667</string>
            </dict>
            <dict>
                <key>id</key>
                <string>3676</string>
            </dict>
            <dict>
                <key>id</key>
                <string>3781</string>
            </dict>
            <dict>
                <key>id</key>
                <string>3790</string>
            </dict>
            <dict>
                <key>id</key>
                <string>3812</string>
            </dict>
            <dict>
                <key>id</key>
                <string>3821</string>
            </dict>
            <dict>
                <key>id</key>
                <string>3830</string>
            </dict>
            <dict>
                <key>id</key>
                <string>3839</string>
            </dict>
            <dict>
                <key>id</key>
                <string>3848</string>
            </dict>
            <dict>
                <key>id</key>
                <string>3857</string>
            </dict>
            <dict>
                <key>id</key>
                <string>3910</string>
            </dict>
            <dict>
                <key>id</key>
                <string>3919</string>
            </dict>
            <dict>
                <key>id</key>
                <string>3928</string>
            </dict>
            <dict>
                <key>id</key>
                <string>3937</string>
            </dict>
            <dict>
                <key>id</key>
                <string>3964</string>
            </dict>
            <dict>
                <key>id</key>
                <string>3981</string>
            </dict>
            <dict>
                <key>id</key>
                <string>3990</string>
            </dict>
            <dict>
                <key>id</key>
                <string>3999</string>
            </dict>
            <dict>
                <key>id</key>
                <string>4008</string>
            </dict>
            <dict>
                <key>id</key>
                <string>4017</string>
            </dict>
            <dict>
                <key>id</key>
                <string>4044</string>
            </dict>
            <dict>
                <key>id</key>
                <string>4053</string>
            </dict>
            <dict>
                <key>id</key>
                <string>4062</string>
            </dict>
            <dict>
                <key>id</key>
                <string>4071</string>
            </dict>
            <dict>
                <key>id</key>
                <string>4080</string>
            </dict>
            <dict>
                <key>id</key>
                <string>4104</string>
            </dict>
            <dict>
                <key>id</key>
                <string>4113</string>
            </dict>
            <dict>
                <key>id</key>
                <string>4122</string>
            </dict>
            <dict>
                <key>id</key>
                <string>4131</string>
            </dict>
            <dict>
                <key>id</key>
                <string>4140</string>
            </dict>
            <dict>
                <key>id</key>
                <string>4149</string>
            </dict>
            <dict>
                <key>id</key>
                <string>4158</string>
            </dict>
            <dict>
                <key>id</key>
                <string>4167</string>
            </dict>
            <dict>
                <key>id</key>
                <string>4176</string>
            </dict>
            <dict>
                <key>id</key>
                <string>4185</string>
            </dict>
            <dict>
                <key>id</key>
                <string>4194</string>
            </dict>
            <dict>
                <key>id</key>
                <string>4203</string>
            </dict>
            <dict>
                <key>id</key>
                <string>4220</string>
            </dict>
            <dict>
                <key>id</key>
                <string>4229</string>
            </dict>
            <dict>
                <key>id</key>
                <string>4238</string>
            </dict>
            <dict>
                <key>id</key>
                <string>4247</string>
            </dict>
            <dict>
                <key>id</key>
                <string>4256</string>
            </dict>
            <dict>
                <key>id</key>
                <string>4265</string>
            </dict>
            <dict>
                <key>id</key>
                <string>4274</string>
            </dict>
            <dict>
                <key>id</key>
                <string>4283</string>
            </dict>
            <dict>
                <key>id</key>
                <string>4292</string>
            </dict>
            <dict>
                <key>id</key>
                <string>4301</string>
            </dict>
            <dict>
                <key>id</key>
                <string>4310</string>
            </dict>
            <dict>
                <key>id</key>
                <string>4319</string>
            </dict>
            <dict>
                <key>id</key>
                <string>4328</string>
            </dict>
            <dict>
                <key>id</key>
                <string>4337</string>
            </dict>
            <dict>
                <key>id</key>
                <string>4346</string>
            </dict>
            <dict>
                <key>id</key>
                <string>4355</string>
            </dict>
            <dict>
                <key>id</key>
                <string>4364</string>
            </dict>
            <dict>
                <key>id</key>
                <string>4373</string>
            </dict>
            <dict>
                <key>id</key>
                <string>4382</string>
            </dict>
            <dict>
                <key>id</key>
                <string>4391</string>
            </dict>
            <dict>
                <key>id</key>
                <string>4400</string>
            </dict>
            <dict>
                <key>id</key>
                <string>4409</string>
            </dict>
            <dict>
                <key>id</key>
                <string>4418</string>
            </dict>
            <dict>
                <key>id</key>
                <string>4428</string>
            </dict>
            <dict>
                <key>id</key>
                <string>4437</string>
            </dict>
            <dict>
                <key>id</key>
                <string>4446</string>
            </dict>
            <dict>
                <key>id</key>
                <string>4455</string>
            </dict>
            <dict>
                <key>id</key>
                <string>4464</string>
            </dict>
            <dict>
                <key>id</key>
                <string>4473</string>
            </dict>
            <dict>
                <key>id</key>
                <string>4482</string>
            </dict>
            <dict>
                <key>id</key>
                <string>4491</string>
            </dict>
            <dict>
                <key>id</key>
                <string>4500</string>
            </dict>
            <dict>
                <key>id</key>
                <string>4509</string>
            </dict>
            <dict>
                <key>id</key>
                <string>4518</string>
            </dict>
            <dict>
                <key>id</key>
                <string>4527</string>
            </dict>
            <dict>
                <key>id</key>
                <string>4536</string>
            </dict>
            <dict>
                <key>id</key>
                <string>4545</string>
            </dict>
            <dict>
                <key>id</key>
                <string>4554</string>
            </dict>
            <dict>
                <key>id</key>
                <string>4563</string>
            </dict>
            <dict>
                <key>id</key>
                <string>4572</string>
            </dict>
            <dict>
                <key>id</key>
                <string>4581</string>
            </dict>
            <dict>
                <key>id</key>
                <string>4590</string>
            </dict>
            <dict>
                <key>id</key>
                <string>4602</string>
            </dict>
            <dict>
                <key>id</key>
                <string>4612</string>
            </dict>
            <dict>
                <key>id</key>
                <string>4622</string>
            </dict>
            <dict>
                <key>id</key>
                <string>4632</string>
            </dict>
            <dict>
                <key>id</key>
                <string>4642</string>
            </dict>
            <dict>
                <key>id</key>
                <string>4652</string>
            </dict>
            <dict>
                <key>id</key>
                <string>4662</string>
            </dict>
            <dict>
                <key>id</key>
                <string>4672</string>
            </dict>
            <dict>
                <key>id</key>
                <string>4682</string>
            </dict>
            <dict>
                <key>id</key>
                <string>4692</string>
            </dict>
            <dict>
                <key>id</key>
                <string>4702</string>
            </dict>
            <dict>
                <key>id</key>
                <string>4712</string>
            </dict>
            <dict>
                <key>id</key>
                <string>4722</string>
            </dict>
            <dict>
                <key>id</key>
                <string>4732</string>
            </dict>
            <dict>
                <key>id</key>
                <string>4742</string>
            </dict>
            <dict>
                <key>id</key>
                <string>4752</string>
            </dict>
            <dict>
                <key>id</key>
                <string>4762</string>
            </dict>
            <dict>
                <key>id</key>
                <string>4772</string>
            </dict>
            <dict>
                <key>id</key>
                <string>4782</string>
            </dict>
            <dict>
                <key>id</key>
                <string>4792</string>
            </dict>
            <dict>
                <key>id</key>
                <string>4802</string>
            </dict>
            <dict>
                <key>id</key>
                <string>4812</string>
            </dict>
            <dict>
                <key>id</key>
                <string>4822</string>
            </dict>
            <dict>
                <key>id</key>
                <string>4832</string>
            </dict>
            <dict>
                <key>id</key>
                <string>4842</string>
            </dict>
            <dict>
                <key>id</key>
                <string>4852</string>
            </dict>
            <dict>
                <key>id</key>
                <string>4862</string>
            </dict>
            <dict>
                <key>id</key>
                <string>4872</string>
            </dict>
            <dict>
                <key>id</key>
                <string>4882</string>
            </dict>
            <dict>
                <key>id</key>
                <string>4938</string>
            </dict>
            <dict>
                <key>id</key>
                <string>4948</string>
            </dict>
            <dict>
                <key>id</key>
                <string>4958</string>
            </dict>
            <dict>
                <key>id</key>
                <string>4968</string>
            </dict>
            <dict>
                <key>id</key>
                <string>4979</string>
            </dict>
            <dict>
                <key>id</key>
                <string>4989</string>
            </dict>
            <dict>
                <key>id</key>
                <string>4999</string>
            </dict>
            <dict>
                <key>id</key>
                <string>5009</string>
            </dict>
            <dict>
                <key>id</key>
                <string>5045</string>
            </dict>
            <dict>
                <key>id</key>
                <string>5066</string>
            </dict>
            <dict>
                <key>id</key>
                <string>5498</string>
            </dict>
            <dict>
                <key>id</key>
                <string>5531</string>
            </dict>
            <dict>
                <key>id</key>
                <string>5652</string>
            </dict>
            <dict>
                <key>id</key>
                <string>5662</string>
            </dict>
            <dict>
                <key>id</key>
                <string>5672</string>
            </dict>
            <dict>
                <key>id</key>
                <string>5682</string>
            </dict>
            <dict>
                <key>id</key>
                <string>5692</string>
            </dict>
            <dict>
                <key>id</key>
                <string>5702</string>
            </dict>
            <dict>
                <key>id</key>
                <string>5759</string>
            </dict>
            <dict>
                <key>id</key>
                <string>5769</string>
            </dict>
            <dict>
                <key>id</key>
                <string>5779</string>
            </dict>
            <dict>
                <key>id</key>
                <string>5793</string>
            </dict>
            <dict>
                <key>id</key>
                <string>5803</string>
            </dict>
            <dict>
                <key>id</key>
                <string>5813</string>
            </dict>
            <dict>
                <key>id</key>
                <string>5823</string>
            </dict>
            <dict>
                <key>id</key>
                <string>5839</string>
            </dict>
            <dict>
                <key>id</key>
                <string>5857</string>
            </dict>
            <dict>
                <key>id</key>
                <string>5867</string>
            </dict>
            <dict>
                <key>id</key>
                <string>5877</string>
            </dict>
            <dict>
                <key>id</key>
                <string>5887</string>
            </dict>
            <dict>
                <key>id</key>
                <string>5897</string>
            </dict>
            <dict>
                <key>id</key>
                <string>5907</string>
            </dict>
            <dict>
                <key>id</key>
                <string>5917</string>
            </dict>
            <dict>
                <key>id</key>
                <string>5927</string>
            </dict>
            <dict>
                <key>id</key>
                <string>5939</string>
            </dict>
            <dict>
                <key>id</key>
                <string>5949</string>
            </dict>
            <dict>
                <key>id</key>
                <string>5965</string>
            </dict>
            <dict>
                <key>id</key>
                <string>5975</string>
            </dict>
            <dict>
                <key>id</key>
                <string>5985</string>
            </dict>
            <dict>
                <key>id</key>
                <string>5995</string>
            </dict>
            <dict>
                <key>id</key>
                <string>6005</string>
            </dict>
            <dict>
                <key>id</key>
                <string>6015</string>
            </dict>
            <dict>
                <key>id</key>
                <string>6025</string>
            </dict>
            <dict>
                <key>id</key>
                <string>6035</string>
            </dict>
            <dict>
                <key>id</key>
                <string>6045</string>
            </dict>
            <dict>
                <key>id</key>
                <string>6055</string>
            </dict>
            <dict>
                <key>id</key>
                <string>6065</string>
            </dict>
            <dict>
                <key>id</key>
                <string>6075</string>
            </dict>
            <dict>
                <key>id</key>
                <string>6085</string>
            </dict>
            <dict>
                <key>id</key>
                <string>6095</string>
            </dict>
            <dict>
                <key>id</key>
                <string>6105</string>
            </dict>
            <dict>
                <key>id</key>
                <string>6115</string>
            </dict>
            <dict>
                <key>id</key>
                <string>6125</string>
            </dict>
            <dict>
                <key>id</key>
                <string>6135</string>
            </dict>
            <dict>
                <key>id</key>
                <string>6145</string>
            </dict>
            <dict>
                <key>id</key>
                <string>6163</string>
            </dict>
            <dict>
                <key>id</key>
                <string>6173</string>
            </dict>
            <dict>
                <key>id</key>
                <string>6183</string>
            </dict>
            <dict>
                <key>id</key>
                <string>6193</string>
            </dict>
            <dict>
                <key>id</key>
                <string>6203</string>
            </dict>
            <dict>
                <key>id</key>
                <string>6213</string>
            </dict>
            <dict>
                <key>id</key>
                <string>6223</string>
            </dict>
            <dict>
                <key>id</key>
                <string>6233</string>
            </dict>
            <dict>
                <key>id</key>
                <string>6243</string>
            </dict>
            <dict>
                <key>id</key>
                <string>6253</string>
            </dict>
            <dict>
                <key>id</key>
                <string>6263</string>
            </dict>
            <dict>
                <key>id</key>
                <string>6275</string>
            </dict>
            <dict>
                <key>id</key>
                <string>6285</string>
            </dict>
            <dict>
                <key>id</key>
                <string>6295</string>
            </dict>
            <dict>
                <key>id</key>
                <string>6305</string>
            </dict>
            <dict>
                <key>id</key>
                <string>6364</string>
            </dict>
            <dict>
                <key>id</key>
                <string>6374</string>
            </dict>
            <dict>
                <key>id</key>
                <string>6384</string>
            </dict>
            <dict>
                <key>id</key>
                <string>6394</string>
            </dict>
            <dict>
                <key>id</key>
                <string>6404</string>
            </dict>
            <dict>
                <key>id</key>
                <string>6414</string>
            </dict>
            <dict>
                <key>id</key>
                <string>6424</string>
            </dict>
            <dict>
                <key>id</key>
                <string>6434</string>
            </dict>
            <dict>
                <key>id</key>
                <string>6444</string>
            </dict>
            <dict>
                <key>id</key>
                <string>6454</string>
            </dict>
            <dict>
                <key>id</key>
                <string>6464</string>
            </dict>
            <dict>
                <key>id</key>
                <string>6474</string>
            </dict>
            <dict>
                <key>id</key>
                <string>6484</string>
            </dict>
            <dict>
                <key>id</key>
                <string>6494</string>
            </dict>
            <dict>
                <key>id</key>
                <string>6504</string>
            </dict>
            <dict>
                <key>id</key>
                <string>6514</string>
            </dict>
            <dict>
                <key>id</key>
                <string>6524</string>
            </dict>
            <dict>
                <key>id</key>
                <string>6534</string>
            </dict>
            <dict>
                <key>id</key>
                <string>6544</string>
            </dict>
            <dict>
                <key>id</key>
                <string>6554</string>
            </dict>
            <dict>
                <key>id</key>
                <string>6564</string>
            </dict>
            <dict>
                <key>id</key>
                <string>6574</string>
            </dict>
            <dict>
                <key>id</key>
                <string>6584</string>
            </dict>
            <dict>
                <key>id</key>
                <string>6594</string>
            </dict>
            <dict>
                <key>id</key>
                <string>6604</string>
            </dict>
            <dict>
                <key>id</key>
                <string>6614</string>
            </dict>
            <dict>
                <key>id</key>
                <string>6788</string>
            </dict>
            <dict>
                <key>id</key>
                <string>6972</string>
            </dict>
            <dict>
                <key>id</key>
                <string>6982</string>
            </dict>
            <dict>
                <key>id</key>
                <string>6992</string>
            </dict>
            <dict>
                <key>id</key>
                <string>7084</string>
            </dict>
            <dict>
                <key>id</key>
                <string>7094</string>
            </dict>
        </array>
    </dict>
</plist>
