<?xml version="1.0" encoding="UTF-8"?>
<!DOCTYPE plist PUBLIC "-//Apple//DTD PLIST 1.0//EN" "http://www.apple.com/DTDs/PropertyList-1.0.dtd"/>

<plist version="1.0">
    <dict>
        <key>ROOT</key>
        <array>
            <dict>
                <key>id</key>
                <string>394</string>
                <key>className</key>
                <string>PTModelObjectAssetLogic</string>
                <key>Name</key>
                <dict>
                    <key>value</key>
                    <string>Untitled</string>
                </dict>
                <key>Position</key>
                <dict>
                    <key>value</key>
                    <string>{693.456,268.000}</string>
                </dict>
                <key>Scale</key>
                <dict>
                    <key>value</key>
                    <string>{1.000,1.000}</string>
                </dict>
                <key>Hidden</key>
                <dict>
                    <key>visible</key>
                    <string>0</string>
                </dict>
                <key>Locked</key>
                <dict>
                    <key>visible</key>
                    <string>0</string>
                </dict>
                <key>Opacity</key>
                <dict>
                    <key>visible</key>
                    <string>0</string>
                </dict>
                <key>Position Modifier</key>
                <dict>
                    <key>value</key>
                    <string>{0.000,0.000}</string>
                    <key>isXEmpty</key>
                    <string>1</string>
                    <key>isYEmpty</key>
                    <string>1</string>
                    <key>useDefault</key>
                    <string>0</string>
                </dict>
                <key>Rotation Modifier</key>
                <dict>
                    <key>useDefault</key>
                    <string>0</string>
                    <key>isEmpty</key>
                    <string>1</string>
                </dict>
                <key>Scale Modifier</key>
                <dict>
                    <key>value</key>
                    <string>{0.000,0.000}</string>
                    <key>isXEmpty</key>
                    <string>1</string>
                    <key>isYEmpty</key>
                    <string>1</string>
                    <key>useDefault</key>
                    <string>0</string>
                </dict>
                <key>Linear Velocity Modifier</key>
                <dict>
                    <key>value</key>
                    <string>{0.000,0.000}</string>
                    <key>useDefault</key>
                    <string>0</string>
                </dict>
                <key>Angular Velocity Modifier</key>
                <dict>
                    <key>useDefault</key>
                    <string>0</string>
                    <key>isEmpty</key>
                    <string>1</string>
                </dict>
                <key>Affected asset</key>
                <dict>
                    <key>selectedStringValue</key>
                    <string>128</string>
                </dict>
                <key>Affect operation</key>
                <dict>
                    <key>selectedStringValue</key>
                    <string>kReplace</string>
                </dict>
                <key>zDepth</key>
                <string>504</string>
            </dict>
            <dict>
                <key>id</key>
                <string>1285</string>
                <key>className</key>
                <string>PTModelObjectAssetLogic</string>
                <key>Name</key>
                <dict>
                    <key>value</key>
                    <string>Untitled</string>
                </dict>
                <key>Position</key>
                <dict>
                    <key>value</key>
                    <string>{693.456,268.000}</string>
                </dict>
                <key>Scale</key>
                <dict>
                    <key>value</key>
                    <string>{1.000,1.000}</string>
                </dict>
                <key>Hidden</key>
                <dict>
                    <key>visible</key>
                    <string>0</string>
                </dict>
                <key>Locked</key>
                <dict>
                    <key>visible</key>
                    <string>0</string>
                </dict>
                <key>Opacity</key>
                <dict>
                    <key>visible</key>
                    <string>0</string>
                </dict>
                <key>Position Modifier</key>
                <dict>
                    <key>value</key>
                    <string>{0.000,0.000}</string>
                    <key>isXEmpty</key>
                    <string>1</string>
                    <key>isYEmpty</key>
                    <string>1</string>
                    <key>useDefault</key>
                    <string>0</string>
                </dict>
                <key>Rotation Modifier</key>
                <dict>
                    <key>useDefault</key>
                    <string>0</string>
                    <key>isEmpty</key>
                    <string>1</string>
                </dict>
                <key>Scale Modifier</key>
                <dict>
                    <key>value</key>
                    <string>{0.000,0.000}</string>
                    <key>isXEmpty</key>
                    <string>1</string>
                    <key>isYEmpty</key>
                    <string>1</string>
                    <key>useDefault</key>
                    <string>0</string>
                </dict>
                <key>Linear Velocity Modifier</key>
                <dict>
                    <key>value</key>
                    <string>{0.000,0.000}</string>
                    <key>useDefault</key>
                    <string>0</string>
                </dict>
                <key>Angular Velocity Modifier</key>
                <dict>
                    <key>useDefault</key>
                    <string>0</string>
                    <key>isEmpty</key>
                    <string>1</string>
                </dict>
                <key>Affected asset</key>
                <dict>
                    <key>selectedStringValue</key>
                    <string>128</string>
                </dict>
                <key>Affect operation</key>
                <dict>
                    <key>selectedStringValue</key>
                    <string>kReplace</string>
                </dict>
                <key>zDepth</key>
                <string>504</string>
            </dict>
            <dict>
                <key>id</key>
                <string>5514</string>
                <key>className</key>
                <string>PTModelObjectAssetLogic</string>
                <key>Name</key>
                <dict>
                    <key>value</key>
                    <string>Transform</string>
                </dict>
                <key>Position</key>
                <dict>
                    <key>value</key>
                    <string>{458.209,204.432}</string>
                    <key>animationsX</key>
                    <array/>
                    <key>animationsY</key>
                    <array/>
                </dict>
                <key>Rotation</key>
                <dict>
                    <key>animations</key>
                    <array/>
                </dict>
                <key>Scale</key>
                <dict>
                    <key>value</key>
                    <string>{1.000,1.000}</string>
                    <key>animationsX</key>
                    <array/>
                    <key>animationsY</key>
                    <array/>
                </dict>
                <key>Hidden</key>
                <dict>
                    <key>visible</key>
                    <string>0</string>
                </dict>
                <key>Locked</key>
                <dict>
                    <key>visible</key>
                    <string>0</string>
                </dict>
                <key>Opacity</key>
                <dict>
                    <key>visible</key>
                    <string>0</string>
                    <key>animations</key>
                    <array/>
                </dict>
                <key>Position Modifier</key>
                <dict>
                    <key>value</key>
                    <string>{0.000,0.000}</string>
                    <key>isXEmpty</key>
                    <string>1</string>
                    <key>isYEmpty</key>
                    <string>1</string>
                    <key>useDefault</key>
                    <string>0</string>
                </dict>
                <key>Rotation Modifier</key>
                <dict>
                    <key>useDefault</key>
                    <string>0</string>
                    <key>isEmpty</key>
                    <string>1</string>
                </dict>
                <key>Scale Modifier</key>
                <dict>
                    <key>value</key>
                    <string>{0.600,0.000}</string>
                    <key>isYEmpty</key>
                    <string>1</string>
                    <key>useDefault</key>
                    <string>0</string>
                </dict>
                <key>Linear Velocity Modifier</key>
                <dict>
                    <key>value</key>
                    <string>{10.000,0.000}</string>
                    <key>isYEmpty</key>
                    <string>1</string>
                    <key>useDefault</key>
                    <string>0</string>
                </dict>
                <key>Angular Velocity Modifier</key>
                <dict>
                    <key>useDefault</key>
                    <string>0</string>
                    <key>isEmpty</key>
                    <string>1</string>
                </dict>
                <key>Affected asset</key>
                <dict>
                    <key>selectedStringValue</key>
                    <string>5501</string>
                </dict>
                <key>Affect operation</key>
                <dict>
                    <key>selectedStringValue</key>
                    <string>kReplace</string>
                </dict>
                <key>zDepth</key>
                <string>520</string>
            </dict>
            <dict>
                <key>id</key>
                <string>5520</string>
                <key>className</key>
                <string>PTModelObjectAssetLogic</string>
                <key>Name</key>
                <dict>
                    <key>value</key>
                    <string>Transform 2</string>
                </dict>
                <key>Position</key>
                <dict>
                    <key>value</key>
                    <string>{907.436,225.066}</string>
                    <key>animationsX</key>
                    <array/>
                    <key>animationsY</key>
                    <array/>
                </dict>
                <key>Rotation</key>
                <dict>
                    <key>animations</key>
                    <array/>
                </dict>
                <key>Scale</key>
                <dict>
                    <key>value</key>
                    <string>{1.000,1.000}</string>
                    <key>animationsX</key>
                    <array/>
                    <key>animationsY</key>
                    <array/>
                </dict>
                <key>Hidden</key>
                <dict>
                    <key>visible</key>
                    <string>0</string>
                </dict>
                <key>Locked</key>
                <dict>
                    <key>visible</key>
                    <string>0</string>
                </dict>
                <key>Opacity</key>
                <dict>
                    <key>visible</key>
                    <string>0</string>
                    <key>animations</key>
                    <array/>
                </dict>
                <key>Position Modifier</key>
                <dict>
                    <key>value</key>
                    <string>{0.000,0.000}</string>
                    <key>isXEmpty</key>
                    <string>1</string>
                    <key>isYEmpty</key>
                    <string>1</string>
                    <key>useDefault</key>
                    <string>0</string>
                    <key>animationsX</key>
                    <array/>
                    <key>animationsY</key>
                    <array/>
                </dict>
                <key>Rotation Modifier</key>
                <dict>
                    <key>useDefault</key>
                    <string>0</string>
                    <key>isEmpty</key>
                    <string>1</string>
                    <key>animations</key>
                    <array/>
                </dict>
                <key>Scale Modifier</key>
                <dict>
                    <key>value</key>
                    <string>{-0.600,0.000}</string>
                    <key>isYEmpty</key>
                    <string>1</string>
                    <key>useDefault</key>
                    <string>0</string>
                    <key>animationsX</key>
                    <array/>
                    <key>animationsY</key>
                    <array/>
                </dict>
                <key>Linear Velocity Modifier</key>
                <dict>
                    <key>value</key>
                    <string>{-10.000,0.000}</string>
                    <key>isYEmpty</key>
                    <string>1</string>
                    <key>useDefault</key>
                    <string>0</string>
                    <key>animationsX</key>
                    <array/>
                    <key>animationsY</key>
                    <array/>
                </dict>
                <key>Angular Velocity Modifier</key>
                <dict>
                    <key>useDefault</key>
                    <string>0</string>
                    <key>isEmpty</key>
                    <string>1</string>
                    <key>animations</key>
                    <array/>
                </dict>
                <key>Affected asset</key>
                <dict>
                    <key>selectedStringValue</key>
                    <string>5501</string>
                </dict>
                <key>Affect operation</key>
                <dict>
                    <key>selectedStringValue</key>
                    <string>kReplace</string>
                </dict>
                <key>zDepth</key>
                <string>521</string>
            </dict>
        </array>
    </dict>
</plist>
