<?xml version="1.0" encoding="UTF-8"?>
<!DOCTYPE plist PUBLIC "-//Apple//DTD PLIST 1.0//EN" "http://www.apple.com/DTDs/PropertyList-1.0.dtd"/>

<plist version="1.0">
    <dict>
        <key>ROOT</key>
        <array>
            <dict>
                <key>id</key>
                <string>342</string>
            </dict>
            <dict>
                <key>id</key>
                <string>442</string>
            </dict>
            <dict>
                <key>id</key>
                <string>992</string>
            </dict>
            <dict>
                <key>id</key>
                <string>1043</string>
            </dict>
            <dict>
                <key>id</key>
                <string>1051</string>
            </dict>
            <dict>
                <key>id</key>
                <string>1187</string>
            </dict>
            <dict>
                <key>id</key>
                <string>1572</string>
            </dict>
            <dict>
                <key>id</key>
                <string>1581</string>
            </dict>
            <dict>
                <key>id</key>
                <string>1743</string>
            </dict>
            <dict>
                <key>id</key>
                <string>1749</string>
            </dict>
            <dict>
                <key>id</key>
                <string>1752</string>
            </dict>
            <dict>
                <key>id</key>
                <string>1757</string>
            </dict>
            <dict>
                <key>id</key>
                <string>1765</string>
            </dict>
            <dict>
                <key>id</key>
                <string>1767</string>
            </dict>
            <dict>
                <key>id</key>
                <string>1774</string>
            </dict>
            <dict>
                <key>id</key>
                <string>1780</string>
            </dict>
            <dict>
                <key>id</key>
                <string>1786</string>
            </dict>
            <dict>
                <key>id</key>
                <string>1789</string>
            </dict>
            <dict>
                <key>id</key>
                <string>1792</string>
            </dict>
            <dict>
                <key>id</key>
                <string>1795</string>
            </dict>
            <dict>
                <key>id</key>
                <string>1802</string>
            </dict>
            <dict>
                <key>id</key>
                <string>1805</string>
            </dict>
            <dict>
                <key>id</key>
                <string>1833</string>
            </dict>
            <dict>
                <key>id</key>
                <string>1836</string>
            </dict>
            <dict>
                <key>id</key>
                <string>1855</string>
            </dict>
            <dict>
                <key>id</key>
                <string>1859</string>
            </dict>
            <dict>
                <key>id</key>
                <string>1933</string>
            </dict>
            <dict>
                <key>id</key>
                <string>1934</string>
            </dict>
            <dict>
                <key>id</key>
                <string>1935</string>
            </dict>
            <dict>
                <key>id</key>
                <string>1936</string>
            </dict>
            <dict>
                <key>id</key>
                <string>1938</string>
            </dict>
            <dict>
                <key>id</key>
                <string>1939</string>
            </dict>
            <dict>
                <key>id</key>
                <string>1940</string>
            </dict>
            <dict>
                <key>id</key>
                <string>1941</string>
            </dict>
            <dict>
                <key>id</key>
                <string>1942</string>
            </dict>
            <dict>
                <key>id</key>
                <string>1943</string>
            </dict>
            <dict>
                <key>id</key>
                <string>1944</string>
            </dict>
            <dict>
                <key>id</key>
                <string>1945</string>
            </dict>
            <dict>
                <key>id</key>
                <string>1946</string>
            </dict>
            <dict>
                <key>id</key>
                <string>1947</string>
            </dict>
            <dict>
                <key>id</key>
                <string>1948</string>
            </dict>
            <dict>
                <key>id</key>
                <string>1949</string>
            </dict>
            <dict>
                <key>id</key>
                <string>1950</string>
            </dict>
            <dict>
                <key>id</key>
                <string>1951</string>
            </dict>
            <dict>
                <key>id</key>
                <string>1952</string>
            </dict>
            <dict>
                <key>id</key>
                <string>1953</string>
            </dict>
            <dict>
                <key>id</key>
                <string>1954</string>
            </dict>
            <dict>
                <key>id</key>
                <string>1955</string>
            </dict>
            <dict>
                <key>id</key>
                <string>1956</string>
            </dict>
            <dict>
                <key>id</key>
                <string>1957</string>
            </dict>
            <dict>
                <key>id</key>
                <string>1958</string>
            </dict>
            <dict>
                <key>id</key>
                <string>1959</string>
            </dict>
            <dict>
                <key>id</key>
                <string>1961</string>
            </dict>
            <dict>
                <key>id</key>
                <string>1962</string>
            </dict>
            <dict>
                <key>id</key>
                <string>1963</string>
            </dict>
            <dict>
                <key>id</key>
                <string>1964</string>
            </dict>
            <dict>
                <key>id</key>
                <string>1965</string>
            </dict>
            <dict>
                <key>id</key>
                <string>2016</string>
            </dict>
            <dict>
                <key>id</key>
                <string>2017</string>
            </dict>
            <dict>
                <key>id</key>
                <string>2018</string>
            </dict>
            <dict>
                <key>id</key>
                <string>2019</string>
            </dict>
            <dict>
                <key>id</key>
                <string>2020</string>
            </dict>
            <dict>
                <key>id</key>
                <string>2021</string>
            </dict>
            <dict>
                <key>id</key>
                <string>2022</string>
            </dict>
            <dict>
                <key>id</key>
                <string>2023</string>
            </dict>
            <dict>
                <key>id</key>
                <string>2024</string>
            </dict>
            <dict>
                <key>id</key>
                <string>2025</string>
            </dict>
            <dict>
                <key>id</key>
                <string>2059</string>
            </dict>
            <dict>
                <key>id</key>
                <string>2060</string>
            </dict>
            <dict>
                <key>id</key>
                <string>2061</string>
            </dict>
            <dict>
                <key>id</key>
                <string>2062</string>
            </dict>
            <dict>
                <key>id</key>
                <string>2063</string>
            </dict>
            <dict>
                <key>id</key>
                <string>2064</string>
            </dict>
            <dict>
                <key>id</key>
                <string>2065</string>
            </dict>
            <dict>
                <key>id</key>
                <string>2066</string>
            </dict>
            <dict>
                <key>id</key>
                <string>2067</string>
            </dict>
            <dict>
                <key>id</key>
                <string>2068</string>
            </dict>
            <dict>
                <key>id</key>
                <string>2085</string>
            </dict>
            <dict>
                <key>id</key>
                <string>2086</string>
            </dict>
            <dict>
                <key>id</key>
                <string>2087</string>
            </dict>
            <dict>
                <key>id</key>
                <string>2088</string>
            </dict>
            <dict>
                <key>id</key>
                <string>2089</string>
            </dict>
            <dict>
                <key>id</key>
                <string>2090</string>
            </dict>
            <dict>
                <key>id</key>
                <string>2092</string>
            </dict>
            <dict>
                <key>id</key>
                <string>2093</string>
            </dict>
            <dict>
                <key>id</key>
                <string>2094</string>
            </dict>
            <dict>
                <key>id</key>
                <string>2095</string>
            </dict>
            <dict>
                <key>id</key>
                <string>2121</string>
            </dict>
            <dict>
                <key>id</key>
                <string>2681</string>
            </dict>
            <dict>
                <key>id</key>
                <string>2707</string>
            </dict>
            <dict>
                <key>id</key>
                <string>2779</string>
            </dict>
            <dict>
                <key>id</key>
                <string>2780</string>
            </dict>
            <dict>
                <key>id</key>
                <string>2781</string>
            </dict>
            <dict>
                <key>id</key>
                <string>2782</string>
            </dict>
            <dict>
                <key>id</key>
                <string>2783</string>
            </dict>
            <dict>
                <key>id</key>
                <string>2784</string>
            </dict>
            <dict>
                <key>id</key>
                <string>2785</string>
            </dict>
            <dict>
                <key>id</key>
                <string>2786</string>
            </dict>
            <dict>
                <key>id</key>
                <string>2787</string>
            </dict>
            <dict>
                <key>id</key>
                <string>2788</string>
            </dict>
            <dict>
                <key>id</key>
                <string>2789</string>
            </dict>
            <dict>
                <key>id</key>
                <string>2790</string>
            </dict>
            <dict>
                <key>id</key>
                <string>2791</string>
            </dict>
            <dict>
                <key>id</key>
                <string>2792</string>
            </dict>
            <dict>
                <key>id</key>
                <string>2832</string>
            </dict>
            <dict>
                <key>id</key>
                <string>2930</string>
            </dict>
            <dict>
                <key>id</key>
                <string>2946</string>
            </dict>
            <dict>
                <key>id</key>
                <string>3143</string>
            </dict>
            <dict>
                <key>id</key>
                <string>3170</string>
            </dict>
            <dict>
                <key>id</key>
                <string>3268</string>
            </dict>
            <dict>
                <key>id</key>
                <string>3445</string>
            </dict>
            <dict>
                <key>id</key>
                <string>3507</string>
            </dict>
            <dict>
                <key>id</key>
                <string>3508</string>
            </dict>
            <dict>
                <key>id</key>
                <string>3509</string>
            </dict>
            <dict>
                <key>id</key>
                <string>3510</string>
            </dict>
            <dict>
                <key>id</key>
                <string>3511</string>
            </dict>
            <dict>
                <key>id</key>
                <string>3512</string>
            </dict>
            <dict>
                <key>id</key>
                <string>3513</string>
            </dict>
            <dict>
                <key>id</key>
                <string>3514</string>
            </dict>
            <dict>
                <key>id</key>
                <string>3515</string>
            </dict>
            <dict>
                <key>id</key>
                <string>3536</string>
            </dict>
            <dict>
                <key>id</key>
                <string>3547</string>
            </dict>
            <dict>
                <key>id</key>
                <string>3558</string>
            </dict>
            <dict>
                <key>id</key>
                <string>3569</string>
            </dict>
            <dict>
                <key>id</key>
                <string>3580</string>
            </dict>
            <dict>
                <key>id</key>
                <string>3595</string>
            </dict>
            <dict>
                <key>id</key>
                <string>3678</string>
            </dict>
            <dict>
                <key>id</key>
                <string>3679</string>
            </dict>
            <dict>
                <key>id</key>
                <string>3680</string>
            </dict>
            <dict>
                <key>id</key>
                <string>3681</string>
            </dict>
            <dict>
                <key>id</key>
                <string>3682</string>
            </dict>
            <dict>
                <key>id</key>
                <string>3683</string>
            </dict>
            <dict>
                <key>id</key>
                <string>3859</string>
            </dict>
            <dict>
                <key>id</key>
                <string>3864</string>
            </dict>
            <dict>
                <key>id</key>
                <string>3870</string>
            </dict>
            <dict>
                <key>id</key>
                <string>3871</string>
            </dict>
            <dict>
                <key>id</key>
                <string>3872</string>
            </dict>
            <dict>
                <key>id</key>
                <string>3873</string>
            </dict>
            <dict>
                <key>id</key>
                <string>3874</string>
            </dict>
            <dict>
                <key>id</key>
                <string>3875</string>
            </dict>
            <dict>
                <key>id</key>
                <string>3939</string>
            </dict>
            <dict>
                <key>id</key>
                <string>3945</string>
            </dict>
            <dict>
                <key>id</key>
                <string>3951</string>
            </dict>
            <dict>
                <key>id</key>
                <string>4023</string>
            </dict>
            <dict>
                <key>id</key>
                <string>5094</string>
            </dict>
            <dict>
                <key>id</key>
                <string>5137</string>
            </dict>
            <dict>
                <key>id</key>
                <string>5500</string>
            </dict>
            <dict>
                <key>id</key>
                <string>5710</string>
            </dict>
            <dict>
                <key>id</key>
                <string>5723</string>
            </dict>
            <dict>
                <key>id</key>
                <string>5729</string>
            </dict>
            <dict>
                <key>id</key>
                <string>5735</string>
            </dict>
            <dict>
                <key>id</key>
                <string>5739</string>
            </dict>
            <dict>
                <key>id</key>
                <string>5745</string>
            </dict>
            <dict>
                <key>id</key>
                <string>6147</string>
            </dict>
            <dict>
                <key>id</key>
                <string>6760</string>
            </dict>
            <dict>
                <key>id</key>
                <string>6817</string>
            </dict>
            <dict>
                <key>id</key>
                <string>6908</string>
            </dict>
            <dict>
                <key>id</key>
                <string>6996</string>
            </dict>
        </array>
    </dict>
</plist>
