<?xml version="1.0" encoding="UTF-8"?>
<!DOCTYPE plist PUBLIC "-//Apple//DTD PLIST 1.0//EN" "http://www.apple.com/DTDs/PropertyList-1.0.dtd"/>

<plist version="1.0">
    <dict>
        <key>ROOT</key>
        <array>
            <dict>
                <key>id</key>
                <string>2902</string>
                <key>objectA</key>
                <string>2889</string>
                <key>objectB</key>
                <string>2881</string>
            </dict>
            <dict>
                <key>id</key>
                <string>2903</string>
                <key>objectA</key>
                <string>2881</string>
                <key>objectB</key>
                <string>2879</string>
            </dict>
            <dict>
                <key>id</key>
                <string>2904</string>
                <key>objectA</key>
                <string>2879</string>
                <key>objectB</key>
                <string>2875</string>
            </dict>
            <dict>
                <key>id</key>
                <string>2905</string>
                <key>objectA</key>
                <string>2875</string>
                <key>objectB</key>
                <string>2871</string>
            </dict>
            <dict>
                <key>id</key>
                <string>2906</string>
                <key>objectA</key>
                <string>2871</string>
                <key>objectB</key>
                <string>2867</string>
            </dict>
            <dict>
                <key>id</key>
                <string>2907</string>
                <key>objectA</key>
                <string>2867</string>
                <key>objectB</key>
                <string>2863</string>
            </dict>
            <dict>
                <key>id</key>
                <string>2908</string>
                <key>objectA</key>
                <string>2863</string>
                <key>objectB</key>
                <string>2861</string>
            </dict>
            <dict>
                <key>id</key>
                <string>2909</string>
                <key>objectA</key>
                <string>2861</string>
                <key>objectB</key>
                <string>2859</string>
            </dict>
            <dict>
                <key>id</key>
                <string>2910</string>
                <key>objectA</key>
                <string>2859</string>
                <key>objectB</key>
                <string>2857</string>
            </dict>
            <dict>
                <key>id</key>
                <string>2911</string>
                <key>objectA</key>
                <string>2853</string>
                <key>objectB</key>
                <string>2857</string>
            </dict>
        </array>
    </dict>
</plist>
