<?xml version="1.0" encoding="UTF-8"?>
<!DOCTYPE plist PUBLIC "-//Apple//DTD PLIST 1.0//EN" "http://www.apple.com/DTDs/PropertyList-1.0.dtd"/>

<plist version="1.0">
    <dict>
        <key>ROOT</key>
        <array>
            <dict>
                <key>id</key>
                <string>1382</string>
            </dict>
            <dict>
                <key>id</key>
                <string>1744</string>
                <key>Image</key>
                <dict>
                    <key>value</key>
                    <string>1742</string>
                </dict>
            </dict>
            <dict>
                <key>id</key>
                <string>1750</string>
                <key>Image</key>
                <dict>
                    <key>value</key>
                    <string>1751</string>
                </dict>
            </dict>
            <dict>
                <key>id</key>
                <string>1759</string>
                <key>Image</key>
                <dict>
                    <key>value</key>
                    <string>3863</string>
                </dict>
            </dict>
            <dict>
                <key>id</key>
                <string>1763</string>
                <key>Image</key>
                <dict>
                    <key>value</key>
                    <string>1764</string>
                </dict>
            </dict>
            <dict>
                <key>id</key>
                <string>1768</string>
                <key>Image</key>
                <dict>
                    <key>value</key>
                    <string>1766</string>
                </dict>
            </dict>
            <dict>
                <key>id</key>
                <string>1772</string>
                <key>Image</key>
                <dict>
                    <key>value</key>
                    <string>1764</string>
                </dict>
            </dict>
            <dict>
                <key>id</key>
                <string>1775</string>
                <key>Image</key>
                <dict>
                    <key>value</key>
                    <string>3869</string>
                </dict>
            </dict>
            <dict>
                <key>id</key>
                <string>1790</string>
                <key>Image</key>
                <dict>
                    <key>value</key>
                    <string>1788</string>
                </dict>
            </dict>
            <dict>
                <key>id</key>
                <string>1793</string>
                <key>Image</key>
                <dict>
                    <key>value</key>
                    <string>1791</string>
                </dict>
            </dict>
            <dict>
                <key>id</key>
                <string>1796</string>
                <key>Image</key>
                <dict>
                    <key>value</key>
                    <string>1794</string>
                </dict>
            </dict>
            <dict>
                <key>id</key>
                <string>1806</string>
                <key>Image</key>
                <dict>
                    <key>value</key>
                    <string>5744</string>
                </dict>
            </dict>
            <dict>
                <key>id</key>
                <string>1807</string>
                <key>Image</key>
                <dict>
                    <key>value</key>
                    <string>5738</string>
                </dict>
                <key>Image Selected</key>
                <dict>
                    <key>value</key>
                    <string>5734</string>
                </dict>
            </dict>
            <dict>
                <key>id</key>
                <string>1808</string>
                <key>Image</key>
                <dict>
                    <key>value</key>
                    <string>5728</string>
                </dict>
            </dict>
            <dict>
                <key>id</key>
                <string>1831</string>
                <key>Image</key>
                <dict>
                    <key>value</key>
                    <string>1751</string>
                </dict>
            </dict>
            <dict>
                <key>id</key>
                <string>1834</string>
                <key>Image</key>
                <dict>
                    <key>value</key>
                    <string>3938</string>
                </dict>
            </dict>
            <dict>
                <key>id</key>
                <string>1837</string>
                <key>Image</key>
                <dict>
                    <key>value</key>
                    <string>3944</string>
                </dict>
            </dict>
            <dict>
                <key>id</key>
                <string>1838</string>
                <key>Image</key>
                <dict>
                    <key>value</key>
                    <string>3950</string>
                </dict>
            </dict>
        </array>
    </dict>
</plist>
