<?xml version="1.0" encoding="UTF-8"?>
<!DOCTYPE plist PUBLIC "-//Apple//DTD PLIST 1.0//EN" "http://www.apple.com/DTDs/PropertyList-1.0.dtd"/>

<plist version="1.0">
    <dict>
        <key>ROOT</key>
        <array>
            <dict>
                <key>id</key>
                <string>1860</string>
                <key>Idle Animation</key>
                <dict>
                    <key>value</key>
                    <string>1862</string>
                </dict>
            </dict>
            <dict>
                <key>id</key>
                <string>2122</string>
                <key>Idle Animation</key>
                <dict>
                    <key>value</key>
                    <string>2124</string>
                </dict>
            </dict>
            <dict>
                <key>id</key>
                <string>2682</string>
                <key>Idle Animation</key>
                <dict>
                    <key>value</key>
                    <string>2684</string>
                </dict>
            </dict>
            <dict>
                <key>id</key>
                <string>2708</string>
                <key>Idle Animation</key>
                <dict>
                    <key>value</key>
                    <string>2710</string>
                </dict>
            </dict>
            <dict>
                <key>id</key>
                <string>2793</string>
                <key>Idle Animation</key>
                <dict>
                    <key>value</key>
                    <string>2795</string>
                </dict>
            </dict>
            <dict>
                <key>id</key>
                <string>2833</string>
                <key>Idle Animation</key>
                <dict>
                    <key>value</key>
                    <string>2835</string>
                </dict>
            </dict>
            <dict>
                <key>id</key>
                <string>2947</string>
                <key>Idle Animation</key>
                <dict>
                    <key>value</key>
                    <string>2949</string>
                </dict>
            </dict>
            <dict>
                <key>id</key>
                <string>3144</string>
                <key>Idle Animation</key>
                <dict>
                    <key>value</key>
                    <string>3146</string>
                </dict>
            </dict>
            <dict>
                <key>id</key>
                <string>3269</string>
                <key>Idle Animation</key>
                <dict>
                    <key>value</key>
                    <string>3271</string>
                </dict>
            </dict>
            <dict>
                <key>id</key>
                <string>3537</string>
                <key>Idle Animation</key>
                <dict>
                    <key>value</key>
                    <string>3539</string>
                </dict>
            </dict>
            <dict>
                <key>id</key>
                <string>3548</string>
                <key>Idle Animation</key>
                <dict>
                    <key>value</key>
                    <string>3550</string>
                </dict>
            </dict>
            <dict>
                <key>id</key>
                <string>3559</string>
                <key>Idle Animation</key>
                <dict>
                    <key>value</key>
                    <string>3561</string>
                </dict>
            </dict>
            <dict>
                <key>id</key>
                <string>3570</string>
                <key>Idle Animation</key>
                <dict>
                    <key>value</key>
                    <string>3572</string>
                </dict>
            </dict>
            <dict>
                <key>id</key>
                <string>3581</string>
                <key>Idle Animation</key>
                <dict>
                    <key>value</key>
                    <string>3583</string>
                </dict>
            </dict>
            <dict>
                <key>id</key>
                <string>3596</string>
                <key>Idle Animation</key>
                <dict>
                    <key>value</key>
                    <string>3598</string>
                </dict>
            </dict>
            <dict>
                <key>id</key>
                <string>4024</string>
                <key>Idle Animation</key>
                <dict>
                    <key>value</key>
                    <string>4026</string>
                </dict>
            </dict>
            <dict>
                <key>id</key>
                <string>5095</string>
                <key>Idle Animation</key>
                <dict>
                    <key>value</key>
                    <string>5097</string>
                </dict>
            </dict>
            <dict>
                <key>id</key>
                <string>5501</string>
                <key>Idle Animation</key>
                <dict>
                    <key>value</key>
                    <string>5503</string>
                </dict>
            </dict>
            <dict>
                <key>id</key>
                <string>6818</string>
                <key>Idle Animation</key>
                <dict>
                    <key>value</key>
                    <string>6820</string>
                </dict>
            </dict>
            <dict>
                <key>id</key>
                <string>6997</string>
                <key>Idle Animation</key>
                <dict>
                    <key>value</key>
                    <string>6999</string>
                </dict>
            </dict>
        </array>
    </dict>
</plist>
