<?xml version="1.0" encoding="UTF-8"?>
<!DOCTYPE plist PUBLIC "-//Apple//DTD PLIST 1.0//EN" "http://www.apple.com/DTDs/PropertyList-1.0.dtd"/>

<plist version="1.0">
    <dict>
        <key>ROOT</key>
        <array>
            <dict>
                <key>id</key>
                <string>98</string>
                <key>children</key>
                <array>
                    <string>6150</string>
                    <string>6153</string>
                </array>
            </dict>
            <dict>
                <key>id</key>
                <string>100</string>
                <key>Music</key>
                <dict>
                    <key>value</key>
                    <string>4419</string>
                </dict>
                <key>children</key>
                <array>
                    <string>1744</string>
                    <string>1799</string>
                    <string>3969</string>
                    <string>3972</string>
                </array>
            </dict>
            <dict>
                <key>id</key>
                <string>1746</string>
                <key>children</key>
                <array>
                    <string>1747</string>
                    <string>1750</string>
                </array>
            </dict>
            <dict>
                <key>id</key>
                <string>1754</string>
                <key>children</key>
                <array>
                    <string>1755</string>
                    <string>1758</string>
                    <string>1759</string>
                    <string>1768</string>
                    <string>1775</string>
                    <string>3862</string>
                </array>
            </dict>
            <dict>
                <key>id</key>
                <string>1761</string>
                <key>children</key>
                <array>
                    <string>1762</string>
                    <string>1763</string>
                </array>
            </dict>
            <dict>
                <key>id</key>
                <string>1770</string>
                <key>children</key>
                <array>
                    <string>1771</string>
                    <string>1772</string>
                </array>
            </dict>
            <dict>
                <key>id</key>
                <string>1777</string>
                <key>children</key>
                <array>
                    <string>1778</string>
                    <string>1781</string>
                    <string>1834</string>
                    <string>1837</string>
                    <string>1838</string>
                </array>
            </dict>
            <dict>
                <key>id</key>
                <string>1783</string>
                <key>children</key>
                <array>
                    <string>1784</string>
                    <string>1787</string>
                    <string>1790</string>
                    <string>1793</string>
                    <string>1796</string>
                </array>
            </dict>
            <dict>
                <key>id</key>
                <string>1798</string>
                <key>children</key>
                <array>
                    <string>1800</string>
                    <string>1806</string>
                    <string>1807</string>
                    <string>1808</string>
                    <string>5713</string>
                    <string>1803</string>
                </array>
            </dict>
            <dict>
                <key>id</key>
                <string>1829</string>
                <key>children</key>
                <array>
                    <string>1830</string>
                    <string>1831</string>
                </array>
            </dict>
            <dict>
                <key>id</key>
                <string>3469</string>
                <key>children</key>
                <array/>
            </dict>
            <dict>
                <key>id</key>
                <string>4969</string>
                <key>children</key>
                <array/>
            </dict>
        </array>
    </dict>
</plist>
