<?xml version="1.0" encoding="UTF-8"?>
<!DOCTYPE plist PUBLIC "-//Apple//DTD PLIST 1.0//EN" "http://www.apple.com/DTDs/PropertyList-1.0.dtd"/>

<plist version="1.0">
    <dict>
        <key>ROOT</key>
        <array>
            <dict>
                <key>id</key>
                <string>5035</string>
                <key>className</key>
                <string>PTModelObjectAssetPath</string>
                <key>Name</key>
                <dict>
                    <key>value</key>
                    <string>Path</string>
                </dict>
                <key>Position</key>
                <dict>
                    <key>value</key>
                    <string>{348.944,315.459}</string>
                    <key>animationsX</key>
                    <array/>
                    <key>animationsY</key>
                    <array/>
                </dict>
                <key>Rotation</key>
                <dict>
                    <key>animations</key>
                    <array/>
                </dict>
                <key>Scale</key>
                <dict>
                    <key>value</key>
                    <string>{1.000,1.000}</string>
                    <key>animationsX</key>
                    <array/>
                    <key>animationsY</key>
                    <array/>
                </dict>
                <key>Hidden</key>
                <dict>
                    <key>visible</key>
                    <string>0</string>
                </dict>
                <key>Locked</key>
                <dict>
                    <key>visible</key>
                    <string>0</string>
                </dict>
                <key>Opacity</key>
                <dict>
                    <key>animations</key>
                    <array/>
                </dict>
                <key>Speed</key>
                <dict>
                    <key>value</key>
                    <string>25.000000</string>
                </dict>
                <key>Play Mode</key>
                <dict>
                    <key>selectedStringValue</key>
                    <string>kPlayModeLoop</string>
                </dict>
                <key>Affected Asset</key>
                <dict>
                    <key>selectedStringValue</key>
                    <string>kAssets</string>
                </dict>
                <key>zDepth</key>
                <string>501</string>
                <key>points</key>
                <array>
                    <string>{0.000,-202.669}</string>
                    <string>{430.011,-197.382}</string>
                    <string>{435.298,125.126}</string>
                    <string>{65.207,133.938}</string>
                    <string>{22.910,51.108}</string>
                    <string>{0.172,6.578}</string>
                </array>
            </dict>
            <dict>
                <key>id</key>
                <string>6836</string>
                <key>className</key>
                <string>PTModelObjectAssetPath</string>
                <key>Name</key>
                <dict>
                    <key>value</key>
                    <string>Path</string>
                </dict>
                <key>Position</key>
                <dict>
                    <key>value</key>
                    <string>{567.474,572.761}</string>
                    <key>animationsX</key>
                    <array/>
                    <key>animationsY</key>
                    <array/>
                </dict>
                <key>Rotation</key>
                <dict>
                    <key>animations</key>
                    <array/>
                </dict>
                <key>Scale</key>
                <dict>
                    <key>value</key>
                    <string>{1.000,1.000}</string>
                    <key>animationsX</key>
                    <array/>
                    <key>animationsY</key>
                    <array/>
                </dict>
                <key>Hidden</key>
                <dict>
                    <key>visible</key>
                    <string>0</string>
                </dict>
                <key>Locked</key>
                <dict>
                    <key>visible</key>
                    <string>0</string>
                </dict>
                <key>Opacity</key>
                <dict>
                    <key>animations</key>
                    <array/>
                </dict>
                <key>Search Radius</key>
                <dict>
                    <key>animations</key>
                    <array/>
                </dict>
                <key>Speed</key>
                <dict>
                    <key>animations</key>
                    <array/>
                </dict>
                <key>Attraction Force</key>
                <dict>
                    <key>animations</key>
                    <array/>
                </dict>
                <key>Play Mode</key>
                <dict>
                    <key>selectedStringValue</key>
                    <string>kPlayModePingPong</string>
                </dict>
                <key>Affected Asset</key>
                <dict>
                    <key>selectedStringValue</key>
                    <string>kAssets</string>
                </dict>
                <key>zDepth</key>
                <string>501</string>
                <key>points</key>
                <array>
                    <string>{-7.049,-61.682}</string>
                    <string>{-3.525,-433.536}</string>
                    <string>{10.574,-45.821}</string>
                </array>
            </dict>
            <dict>
                <key>id</key>
                <string>6839</string>
                <key>className</key>
                <string>PTModelObjectAssetPath</string>
                <key>Name</key>
                <dict>
                    <key>value</key>
                    <string>Path 2</string>
                </dict>
                <key>Position</key>
                <dict>
                    <key>value</key>
                    <string>{655.591,181.521}</string>
                    <key>animationsX</key>
                    <array/>
                    <key>animationsY</key>
                    <array/>
                </dict>
                <key>Rotation</key>
                <dict>
                    <key>animations</key>
                    <array/>
                </dict>
                <key>Scale</key>
                <dict>
                    <key>value</key>
                    <string>{1.000,1.000}</string>
                    <key>animationsX</key>
                    <array/>
                    <key>animationsY</key>
                    <array/>
                </dict>
                <key>Hidden</key>
                <dict>
                    <key>visible</key>
                    <string>0</string>
                </dict>
                <key>Locked</key>
                <dict>
                    <key>visible</key>
                    <string>0</string>
                </dict>
                <key>Opacity</key>
                <dict>
                    <key>animations</key>
                    <array/>
                </dict>
                <key>Search Radius</key>
                <dict>
                    <key>animations</key>
                    <array/>
                </dict>
                <key>Speed</key>
                <dict>
                    <key>animations</key>
                    <array/>
                </dict>
                <key>Attraction Force</key>
                <dict>
                    <key>animations</key>
                    <array/>
                </dict>
                <key>Play Mode</key>
                <dict>
                    <key>selectedStringValue</key>
                    <string>kPlayModePingPong</string>
                </dict>
                <key>Affected Asset</key>
                <dict>
                    <key>selectedStringValue</key>
                    <string>kCharacter</string>
                </dict>
                <key>zDepth</key>
                <string>502</string>
                <key>points</key>
                <array>
                    <string>{14.099,389.477}</string>
                    <string>{1.762,37.009}</string>
                </array>
            </dict>
            <dict>
                <key>id</key>
                <string>6842</string>
                <key>className</key>
                <string>PTModelObjectAssetPath</string>
                <key>Name</key>
                <dict>
                    <key>value</key>
                    <string>Path 3</string>
                </dict>
                <key>Position</key>
                <dict>
                    <key>value</key>
                    <string>{403.576,170.947}</string>
                    <key>animationsX</key>
                    <array/>
                    <key>animationsY</key>
                    <array/>
                </dict>
                <key>Rotation</key>
                <dict>
                    <key>animations</key>
                    <array/>
                </dict>
                <key>Scale</key>
                <dict>
                    <key>value</key>
                    <string>{1.000,1.000}</string>
                    <key>animationsX</key>
                    <array/>
                    <key>animationsY</key>
                    <array/>
                </dict>
                <key>Hidden</key>
                <dict>
                    <key>visible</key>
                    <string>0</string>
                </dict>
                <key>Locked</key>
                <dict>
                    <key>visible</key>
                    <string>0</string>
                </dict>
                <key>Opacity</key>
                <dict>
                    <key>animations</key>
                    <array/>
                </dict>
                <key>Search Radius</key>
                <dict>
                    <key>animations</key>
                    <array/>
                </dict>
                <key>Speed</key>
                <dict>
                    <key>animations</key>
                    <array/>
                </dict>
                <key>Attraction Force</key>
                <dict>
                    <key>animations</key>
                    <array/>
                </dict>
                <key>Play Mode</key>
                <dict>
                    <key>selectedStringValue</key>
                    <string>kPlayModePingPong</string>
                </dict>
                <key>Affected Asset</key>
                <dict>
                    <key>selectedStringValue</key>
                    <string>kAssets</string>
                </dict>
                <key>zDepth</key>
                <string>503</string>
                <key>points</key>
                <array>
                    <string>{-12.336,368.329}</string>
                    <string>{-10.574,-15.861}</string>
                </array>
            </dict>
            <dict>
                <key>id</key>
                <string>7008</string>
                <key>className</key>
                <string>PTModelObjectAssetPath</string>
                <key>Name</key>
                <dict>
                    <key>value</key>
                    <string>Path</string>
                </dict>
                <key>Position</key>
                <dict>
                    <key>value</key>
                    <string>{639.518,197.382}</string>
                    <key>animationsX</key>
                    <array/>
                    <key>animationsY</key>
                    <array/>
                </dict>
                <key>Rotation</key>
                <dict>
                    <key>animations</key>
                    <array/>
                </dict>
                <key>Scale</key>
                <dict>
                    <key>value</key>
                    <string>{1.000,1.000}</string>
                    <key>animationsX</key>
                    <array/>
                    <key>animationsY</key>
                    <array/>
                </dict>
                <key>Hidden</key>
                <dict>
                    <key>visible</key>
                    <string>0</string>
                </dict>
                <key>Locked</key>
                <dict>
                    <key>visible</key>
                    <string>0</string>
                </dict>
                <key>Opacity</key>
                <dict>
                    <key>animations</key>
                    <array/>
                </dict>
                <key>Search Radius</key>
                <dict>
                    <key>animations</key>
                    <array/>
                </dict>
                <key>Speed</key>
                <dict>
                    <key>value</key>
                    <string>30.000000</string>
                    <key>animations</key>
                    <array/>
                </dict>
                <key>Attraction Force</key>
                <dict>
                    <key>animations</key>
                    <array/>
                </dict>
                <key>Play Mode</key>
                <dict>
                    <key>selectedStringValue</key>
                    <string>kPlayModeLoop</string>
                </dict>
                <key>Affected Asset</key>
                <dict>
                    <key>selectedStringValue</key>
                    <string>kAssets</string>
                </dict>
                <key>zDepth</key>
                <string>501</string>
                <key>points</key>
                <array>
                    <string>{5.921,-69.084}</string>
                    <string>{309.890,-43.424}</string>
                    <string>{292.126,301.995}</string>
                    <string>{57.241,300.021}</string>
                    <string>{5.921,51.319}</string>
                </array>
            </dict>
        </array>
    </dict>
</plist>
