<?xml version="1.0" encoding="UTF-8"?>
<!DOCTYPE plist PUBLIC "-//Apple//DTD PLIST 1.0//EN" "http://www.apple.com/DTDs/PropertyList-1.0.dtd"/>

<plist version="1.0">
    <dict>
        <key>ROOT</key>
        <array>
            <dict>
                <key>id</key>
                <string>99</string>
                <key>Pause</key>
                <dict>
                    <key>connectedModelId</key>
                    <string>1782</string>
                    <key>attributeName</key>
                    <string>Load</string>
                    <key>isAction</key>
                    <string>true</string>
                </dict>
                <key>Game Over</key>
                <dict>
                    <key>connectedModelId</key>
                    <string>1797</string>
                    <key>attributeName</key>
                    <string>Load</string>
                    <key>isAction</key>
                    <string>true</string>
                </dict>
                <key>modelId</key>
                <string>100</string>
                <key>attributesCount</key>
                <string>5</string>
            </dict>
            <dict>
                <key>id</key>
                <string>1745</string>
                <key>Start</key>
                <dict>
                    <key>connectedModelId</key>
                    <string>1776</string>
                    <key>attributeName</key>
                    <string>Load</string>
                    <key>isAction</key>
                    <string>true</string>
                </dict>
                <key>modelId</key>
                <string>1746</string>
                <key>attributesCount</key>
                <string>4</string>
            </dict>
            <dict>
                <key>id</key>
                <string>1753</string>
                <key>Start</key>
                <dict>
                    <key>connectedModelId</key>
                    <string>1776</string>
                    <key>attributeName</key>
                    <string>Load</string>
                    <key>isAction</key>
                    <string>true</string>
                </dict>
                <key>Info Screen</key>
                <dict>
                    <key>connectedModelId</key>
                    <string>1760</string>
                    <key>attributeName</key>
                    <string>Load</string>
                    <key>isAction</key>
                    <string>true</string>
                </dict>
                <key>Coin Shop</key>
                <dict>
                    <key>connectedModelId</key>
                    <string>1769</string>
                    <key>attributeName</key>
                    <string>Load</string>
                    <key>isAction</key>
                    <string>true</string>
                </dict>
                <key>modelId</key>
                <string>1754</string>
                <key>attributesCount</key>
                <string>6</string>
            </dict>
            <dict>
                <key>id</key>
                <string>1760</string>
                <key>modelId</key>
                <string>1761</string>
                <key>attributesCount</key>
                <string>3</string>
            </dict>
            <dict>
                <key>id</key>
                <string>1769</string>
                <key>modelId</key>
                <string>1770</string>
                <key>attributesCount</key>
                <string>3</string>
            </dict>
            <dict>
                <key>id</key>
                <string>1776</string>
                <key>World 1</key>
                <dict>
                    <key>connectedModelId</key>
                    <string>1393</string>
                    <key>attributeName</key>
                    <string>Load</string>
                    <key>isAction</key>
                    <string>true</string>
                </dict>
                <key>World 2</key>
                <dict>
                    <key>connectedModelId</key>
                    <string>1811</string>
                    <key>attributeName</key>
                    <string>Load</string>
                    <key>isAction</key>
                    <string>true</string>
                </dict>
                <key>modelId</key>
                <string>1777</string>
                <key>attributesCount</key>
                <string>5</string>
            </dict>
            <dict>
                <key>id</key>
                <string>1782</string>
                <key>modelId</key>
                <string>1783</string>
                <key>attributesCount</key>
                <string>3</string>
            </dict>
            <dict>
                <key>id</key>
                <string>1797</string>
                <key>modelId</key>
                <string>1798</string>
                <key>attributesCount</key>
                <string>3</string>
            </dict>
            <dict>
                <key>id</key>
                <string>1828</string>
                <key>Start</key>
                <dict>
                    <key>connectedModelId</key>
                    <string>1776</string>
                    <key>attributeName</key>
                    <string>Load</string>
                    <key>isAction</key>
                    <string>true</string>
                </dict>
                <key>modelId</key>
                <string>1829</string>
                <key>attributesCount</key>
                <string>4</string>
            </dict>
        </array>
    </dict>
</plist>
