<?xml version="1.0" encoding="UTF-8"?>
<!DOCTYPE plist PUBLIC "-//Apple//DTD PLIST 1.0//EN" "http://www.apple.com/DTDs/PropertyList-1.0.dtd"/>

<plist version="1.0">
    <dict>
        <key>ROOT</key>
        <array>
            <dict>
                <key>id</key>
                <string>99</string>
                <key>className</key>
                <string>PTNodeUI</string>
                <key>Name</key>
                <dict>
                    <key>value</key>
                    <string>Game Field UI</string>
                </dict>
                <key>Position</key>
                <dict>
                    <key>value</key>
                    <string>{618.000,-124.000}</string>
                </dict>
            </dict>
            <dict>
                <key>id</key>
                <string>1745</string>
                <key>className</key>
                <string>PTNodeUI</string>
                <key>Name</key>
                <dict>
                    <key>value</key>
                    <string>World 1 Complete UI</string>
                </dict>
                <key>Position</key>
                <dict>
                    <key>value</key>
                    <string>{421.000,-108.000}</string>
                </dict>
            </dict>
            <dict>
                <key>id</key>
                <string>1753</string>
                <key>className</key>
                <string>PTNodeUI</string>
                <key>Name</key>
                <dict>
                    <key>value</key>
                    <string>Main Menu UI</string>
                </dict>
                <key>Position</key>
                <dict>
                    <key>value</key>
                    <string>{-200.000,-100.000}</string>
                </dict>
            </dict>
            <dict>
                <key>id</key>
                <string>1760</string>
                <key>className</key>
                <string>PTNodeUI</string>
                <key>Name</key>
                <dict>
                    <key>value</key>
                    <string>Info</string>
                </dict>
                <key>Position</key>
                <dict>
                    <key>value</key>
                    <string>{100.000,-210.000}</string>
                </dict>
            </dict>
            <dict>
                <key>id</key>
                <string>1769</string>
                <key>className</key>
                <string>PTNodeUI</string>
                <key>Name</key>
                <dict>
                    <key>value</key>
                    <string>Coin Shop</string>
                </dict>
                <key>Position</key>
                <dict>
                    <key>value</key>
                    <string>{100.000,-320.000}</string>
                </dict>
            </dict>
            <dict>
                <key>id</key>
                <string>1776</string>
                <key>className</key>
                <string>PTNodeUI</string>
                <key>Name</key>
                <dict>
                    <key>value</key>
                    <string>Worlds UI</string>
                </dict>
                <key>Position</key>
                <dict>
                    <key>value</key>
                    <string>{-198.000,8.000}</string>
                </dict>
            </dict>
            <dict>
                <key>id</key>
                <string>1782</string>
                <key>className</key>
                <string>PTNodeUI</string>
                <key>Name</key>
                <dict>
                    <key>value</key>
                    <string>Pause</string>
                </dict>
                <key>Position</key>
                <dict>
                    <key>value</key>
                    <string>{922.000,-215.000}</string>
                </dict>
            </dict>
            <dict>
                <key>id</key>
                <string>1797</string>
                <key>className</key>
                <string>PTNodeUI</string>
                <key>Name</key>
                <dict>
                    <key>value</key>
                    <string>Game Over UI</string>
                </dict>
                <key>Position</key>
                <dict>
                    <key>value</key>
                    <string>{920.000,-100.000}</string>
                </dict>
            </dict>
            <dict>
                <key>id</key>
                <string>1828</string>
                <key>className</key>
                <string>PTNodeUI</string>
                <key>Name</key>
                <dict>
                    <key>value</key>
                    <string>World 2 Complete UI</string>
                </dict>
                <key>Position</key>
                <dict>
                    <key>value</key>
                    <string>{400.000,10.000}</string>
                </dict>
            </dict>
        </array>
    </dict>
</plist>
